"","Indiv","Omy_AldA","SH95489_423","SH100771_63","SH102510_682","SH105115_367","SH108735_311","SH110201_359","SH113128_73","SH117286_374","SH119892_365","OMGH1PROM1_SNP1","Omy_arp_630","SH96222_125","SH100974_386","SH102867_443","SH105385_406","SH109243_222","SH110362_585","SH114315_438","SH117370_400","SH120255_332","SH128851_273","Omy_aspAT_123","Omy_g12_82","SH97077_73","SH101554_306","SH103350_395","SH105386_347","SH109525_403","SH110689_148","SH117540_259","SH120950_569","SH128996_481","Omy_COX1_221","Omy_gh_475","SH97954_618","SH101770_410","SH103577_379","SH105714_265","SH109651_445","SH111666_301","SH114587_480","SH117815_81","SH129870_756","Omy_nramp_146","Omy_gsdf_291","SH98188_405","SH101832_195","SH103705_558","SH106172_332","SH109693_461","SH112208_328","SH114976_223","SH118175_396","SH123044_128","SH130524_160","Omy_Ogo4_304","Omy_mapK3_103","SH98409_549","SH101993_189","SH104519_624","SH106313_445","SH109874_148","SH112301_202","SH115987_812","SH118654_91","SH125998_61","SH130720_100","OMY_PEPA_INT6","Omy_mcsf_371","SH98683_165","SH102420_634","SH105075_162","SH110064_419","SH112820_82","SH116733_349","SH118938_341","SH127236_583","SH131460_646","ONMYCRBF_1_SNP1","SH95318_147","SH99300_202","SH102505_102","SH105105_448","SH107285_69","SH110078_294","SH113109_205","SH117259_96","SH119108_357","SH127510_920","SH131965_120","Omy_Ch22_VGLL3.1_haplotype","Omy_Ch22_VGLL3.6_snp1_haplotype","Omy_Ch25_Six6_61285646_haplotype","Omy_Ch25_Six6_61287415_haplotype","Omy_Ch25_Six6_61317685_haplotype","Omy_Ch25_Six6.2_haplotype","Omy_Ch25_Six6.3_haplotype","Omy_Ch28_11625241_C_haplotype","Omy_Ch28_greb1_mhap1_haplotype","Omy_Ch28_greb1_mhap10_haplotype","Omy_Ch28_greb1_mhap2_haplotype","tag_id_1092_hap1_code","tag_id_1168_hap1_code","tag_id_1259_hap1_code","tag_id_1318_hap1_code","tag_id_1508_hap1_code","tag_id_1521_hap1_code","tag_id_1525_hap1_code","tag_id_1545_hap1_code","tag_id_1569_hap1_code","tag_id_159_hap1_code","tag_id_1614_hap1_code","tag_id_1621_hap1_code","tag_id_1637_hap1_code","tag_id_1712_hap1_code","tag_id_1762_hap1_code","tag_id_1880_hap1_code","tag_id_1891_hap1_code","tag_id_1923_hap1_code","tag_id_194_hap1_code","tag_id_2031_hap1_code","tag_id_2073_hap1_code","tag_id_208_hap1_code","tag_id_2124_hap1_code","tag_id_214_hap1_code","tag_id_2147_hap1_code","tag_id_2178_hap1_code","tag_id_2196_hap1_code","tag_id_2197_hap1_code","tag_id_221_hap1_code","tag_id_2235_hap1_code","tag_id_2243_hap1_code","tag_id_2246_hap1_code","tag_id_2253_hap1_code","tag_id_230_hap1_code","tag_id_2317_hap1_code","tag_id_2483_hap1_code","tag_id_2528_hap1_code","tag_id_2541_hap1_code","tag_id_2557_hap1_code","tag_id_2688_hap1_code","tag_id_278_hap1_code","tag_id_2902_hap1_code","tag_id_2930_hap1_code","tag_id_2954_hap1_code","tag_id_2972_hap1_code","tag_id_2980_hap1_code","tag_id_3028_hap1_code","tag_id_3066_hap1_code","tag_id_3075_hap1_code","tag_id_3090_hap1_code","tag_id_3093_hap1_code","tag_id_3119_hap1_code","tag_id_3125_hap1_code","tag_id_3138_hap1_code","tag_id_3152_hap1_code","tag_id_3215_hap1_code","tag_id_3258_hap1_code","tag_id_3282_hap1_code","tag_id_3292_hap1_code","tag_id_3298_hap1_code","tag_id_3328_hap1_code","tag_id_3343_hap1_code","tag_id_3395_hap1_code","tag_id_3396_hap1_code","tag_id_3420_hap1_code","tag_id_3457_hap1_code","tag_id_346_hap1_code","tag_id_3482_hap1_code","tag_id_3509_hap1_code","tag_id_3543_hap1_code","tag_id_3545_hap1_code","tag_id_3655_hap1_code","tag_id_3724_hap1_code","tag_id_3734_hap1_code","tag_id_381_hap1_code","tag_id_3853_hap1_code","tag_id_4127_hap1_code","tag_id_4183_hap1_code","tag_id_4216_hap1_code","tag_id_4230_hap1_code","tag_id_4246_hap1_code","tag_id_4282_hap1_code","tag_id_4284_hap1_code","tag_id_4361_hap1_code","tag_id_4372_hap1_code","tag_id_4512_hap1_code","tag_id_4529_hap1_code","tag_id_4536_hap1_code","tag_id_4559_hap1_code","tag_id_4585_hap1_code","tag_id_4629_hap1_code","tag_id_4693_hap1_code","tag_id_4766_hap1_code","tag_id_483_hap1_code","tag_id_4931_hap1_code","tag_id_4933_hap1_code","tag_id_4946_hap1_code","tag_id_5027_hap1_code","tag_id_5157_hap1_code","tag_id_5262_hap1_code","tag_id_5463_hap1_code","tag_id_5682_hap1_code","tag_id_5695_hap1_code","tag_id_580_hap1_code","tag_id_613_hap1_code","tag_id_643_hap1_code","tag_id_6523_hap1_code","tag_id_6878_hap1_code","tag_id_71_hap1_code","tag_id_732_hap1_code","tag_id_7894_hap1_code","tag_id_793_hap1_code","tag_id_7998_hap1_code","tag_id_8063_hap1_code","tag_id_877_hap1_code","tag_id_894_hap1_code","tag_id_899_hap1_code","tag_id_986_hap1_code"
"1","M145593",1,1,2,0,1,2,1,2,2,0,1,2,2,1,1,0,1,1,0,2,2,2,2,1,1,1,2,1,0,1,2,0,0,2,1,1,1,2,2,0,0,1,0,1,2,0,0,1,0,0,1,1,2,2,1,0,1,2,1,1,0,1,0,2,0,1,1,1,2,0,1,2,0,2,1,1,2,0,2,2,2,0,0,0,1,0,0,1,1,1,1,2,2,0,0,0,0,0,0,2,1,1,0,2,2,2,0,1,0,1,0,2,0,2,2,1,0,2,2,1,2,2,2,0,1,0,2,1,2,0,2,2,2,2,0,1,1,0,1,2,0,2,1,2,1,1,1,0,2,0,0,2,1,1,2,2,1,1,1,2,0,1,1,1,2,0,0,2,1,1,2,2,1,0,2,2,0,2,1,2,2,2,1,1,2,2,2,2,2,1,1,2,2,2,2,1,0,0,2,1,1,2,1,1,1,2,0,2,2,1,0,0,2,0,2,1,2,0,2,0
"2","M145594",0,1,0,1,1,2,1,2,2,0,2,2,1,2,1,1,1,1,2,0,1,2,2,1,0,1,2,2,1,1,2,0,0,2,2,1,2,2,2,0,2,2,0,1,0,0,1,0,1,0,1,2,2,0,1,1,2,1,0,0,0,2,2,2,1,0,2,1,2,0,0,2,0,2,0,1,2,2,1,2,1,0,0,1,1,0,1,0,0,2,0,1,1,1,0,0,0,0,0,2,1,1,1,1,1,2,1,0,1,1,0,2,1,2,2,2,0,1,1,1,2,2,2,1,1,2,2,1,2,2,2,2,2,1,0,1,1,0,1,2,2,1,2,2,2,1,2,0,1,0,2,2,2,0,1,2,2,2,1,2,2,1,1,2,2,1,0,2,0,0,2,0,2,2,2,2,2,1,2,1,1,2,2,0,1,2,0,2,1,2,2,1,1,1,2,1,0,0,2,0,0,1,2,2,2,1,0,2,1,1,1,0,1,1,1,0,2,2,2,0
"3","M145595",0,0,0,0,2,1,1,1,2,1,2,2,1,1,1,1,2,0,2,2,1,2,2,1,0,0,1,2,1,1,1,0,0,2,2,0,2,2,2,0,1,2,0,0,0,1,0,0,1,0,1,1,1,2,0,1,1,0,0,1,1,1,0,2,0,0,2,1,1,0,1,2,1,NA,0,1,2,1,2,1,1,0,0,0,0,0,0,1,1,1,0,1,2,1,1,0,1,1,0,2,2,0,0,2,2,2,1,0,2,0,2,2,2,1,2,2,1,2,1,2,1,1,2,2,1,2,2,0,2,2,2,2,2,0,1,1,0,2,1,2,1,1,2,2,2,2,2,0,2,1,2,2,1,0,0,1,2,1,1,2,2,2,1,2,1,0,0,2,0,1,1,1,2,2,2,2,1,1,2,2,2,2,2,0,2,2,1,2,1,2,2,2,1,2,1,2,0,0,2,1,1,2,2,2,2,0,0,2,2,2,1,1,0,1,2,2,2,0,2,0
"4","M145596",1,0,0,0,2,1,0,2,1,1,2,2,2,1,1,0,2,2,1,0,1,0,NA,1,2,0,1,1,0,1,2,0,0,2,1,0,1,2,2,0,1,2,0,1,1,1,2,1,0,0,1,1,2,1,0,2,1,1,0,2,1,1,1,2,1,1,2,2,0,0,1,0,1,2,1,0,1,2,1,2,2,0,1,1,1,1,1,1,0,2,0,2,2,1,2,0,0,0,0,2,2,0,1,1,2,1,0,1,2,0,1,2,1,2,2,0,0,0,1,0,2,2,2,0,1,2,2,1,1,2,1,2,1,2,1,2,1,2,1,2,0,2,2,2,2,2,2,0,1,2,1,2,0,1,2,1,2,2,2,1,2,2,1,1,1,2,0,2,2,0,2,1,2,2,2,2,1,2,2,1,2,2,2,1,1,2,1,2,2,1,2,2,2,2,2,0,0,1,1,0,2,2,2,2,2,2,2,2,2,1,1,0,1,2,1,2,2,1,2,0
"5","M145597",1,NA,0,1,2,2,1,2,1,0,2,2,1,1,1,2,2,1,2,1,1,2,2,0,0,2,NA,1,0,2,2,0,0,2,NA,2,0,2,2,1,1,NA,0,1,0,2,0,1,2,0,2,1,2,1,1,0,2,1,1,1,0,2,0,2,0,0,0,1,1,0,0,2,1,NA,1,0,2,2,2,1,0,0,1,0,0,0,1,2,2,1,0,1,1,2,2,0,0,0,1,2,1,1,2,2,1,1,0,0,2,1,0,2,1,1,1,2,2,2,2,2,2,2,2,2,1,2,2,2,0,1,1,1,1,2,0,2,1,2,1,2,2,2,2,0,2,2,1,0,1,2,2,2,1,1,2,1,2,1,2,1,1,1,2,2,2,1,1,1,1,1,2,2,0,2,2,1,2,2,2,1,2,2,1,0,1,2,2,2,0,2,2,1,2,1,2,2,0,0,2,1,1,2,2,2,2,1,0,2,1,1,2,1,0,2,0,1,2,1,2,0
"6","M145598",0,1,0,0,2,2,2,1,2,0,2,2,1,2,1,2,1,1,2,1,0,2,1,0,1,2,1,2,1,0,0,0,0,1,2,1,1,0,2,0,2,2,1,1,1,1,0,0,2,0,2,1,1,2,0,1,2,0,1,1,0,2,0,2,1,2,1,1,2,0,1,2,0,2,1,0,1,2,2,1,1,1,0,1,0,0,0,0,1,2,2,2,1,0,0,0,1,1,0,2,1,1,0,2,2,1,0,0,0,0,0,2,0,2,2,2,1,1,2,1,1,2,2,0,2,1,2,2,1,1,1,0,1,1,0,2,1,1,1,2,1,2,1,2,2,2,2,0,2,0,0,2,1,0,0,1,1,0,1,2,1,1,1,1,2,2,1,1,0,2,2,0,1,2,2,2,1,0,2,2,2,2,2,0,2,2,0,1,2,2,2,1,1,1,1,2,0,0,2,2,2,2,1,1,2,2,1,2,2,0,2,0,1,1,1,1,2,1,2,1
"7","M145599",1,1,0,1,2,2,0,2,1,0,1,2,2,2,0,0,1,2,2,2,0,2,2,0,1,1,1,1,0,0,2,0,0,1,2,1,0,0,0,0,0,2,0,0,0,2,1,0,1,0,0,0,0,1,1,0,2,0,1,0,0,1,1,2,0,1,2,2,2,1,2,2,2,2,0,0,2,2,1,2,2,0,0,0,0,0,0,0,1,2,0,2,1,0,1,2,1,2,1,2,1,2,0,2,2,2,0,1,1,2,0,2,2,2,2,1,1,1,1,2,2,1,1,1,2,1,2,2,1,1,2,1,2,2,1,1,1,1,2,2,0,2,2,1,2,1,0,0,2,0,1,2,1,1,2,2,2,2,1,0,1,2,2,1,2,1,1,2,1,2,1,2,2,1,2,2,0,1,1,2,2,2,1,0,2,2,0,1,2,2,2,2,2,2,1,2,0,0,2,2,2,1,1,1,2,1,0,2,1,2,0,2,0,1,2,2,2,2,2,0
"8","M145600",0,2,0,2,1,1,1,NA,1,0,2,1,2,2,0,1,2,0,2,1,1,2,2,1,0,1,1,2,0,1,1,0,1,1,2,1,1,2,2,1,1,2,0,0,0,1,0,2,2,0,1,2,2,1,NA,0,2,2,1,1,1,1,1,2,2,0,2,2,1,0,1,0,1,2,1,0,1,2,1,2,1,0,0,0,0,1,1,2,1,2,0,0,1,1,1,2,2,2,1,2,1,2,0,2,2,0,0,1,2,0,1,2,1,1,2,2,1,1,1,2,2,2,2,2,2,1,2,1,0,2,2,2,2,2,1,0,1,1,1,2,0,2,2,2,2,1,2,0,1,1,0,2,1,1,1,2,2,2,1,2,2,2,2,0,2,2,1,1,1,2,2,1,1,2,2,2,0,2,2,2,1,2,2,0,2,1,0,2,2,1,2,2,0,1,2,2,1,1,1,2,1,1,2,2,2,1,0,1,2,0,1,1,0,1,1,0,0,2,1,0
"9","M145601",0,0,0,0,2,2,1,NA,2,NA,1,0,2,1,2,NA,2,1,1,1,NA,2,NA,0,1,1,2,0,0,0,1,1,0,2,2,1,0,2,1,0,2,2,0,2,0,2,2,0,0,0,2,1,2,2,NA,0,0,2,1,2,1,0,0,2,1,1,NA,2,1,0,1,2,1,0,0,0,2,1,2,1,0,0,1,0,0,0,0,1,0,2,0,NA,NA,NA,NA,2,NA,NA,0,NA,NA,NA,NA,NA,NA,NA,NA,NA,NA,NA,NA,NA,NA,NA,NA,NA,NA,NA,NA,NA,NA,NA,NA,NA,NA,NA,NA,NA,NA,NA,NA,NA,NA,NA,NA,NA,NA,NA,NA,NA,NA,NA,NA,NA,NA,NA,NA,NA,NA,NA,NA,NA,NA,NA,NA,NA,NA,NA,NA,NA,NA,NA,NA,NA,NA,NA,NA,NA,NA,NA,NA,NA,NA,NA,2,NA,NA,NA,NA,NA,NA,NA,NA,NA,NA,NA,NA,NA,NA,NA,NA,NA,NA,NA,NA,NA,NA,NA,NA,NA,NA,NA,NA,NA,NA,NA,NA,NA,NA,NA,NA,NA,NA,NA,NA,NA,NA,NA,NA,NA
"10","M145602",1,0,0,1,1,1,2,2,1,0,2,0,2,2,1,2,2,0,2,0,1,2,0,0,1,0,2,1,0,2,1,1,1,2,2,1,0,0,2,2,1,2,0,0,0,2,0,1,0,0,0,0,1,1,1,1,2,2,1,0,0,1,1,2,0,2,1,0,2,1,2,1,1,2,0,0,1,2,2,1,2,0,0,0,2,1,1,1,0,2,0,2,2,2,2,1,1,1,0,2,2,0,0,2,2,2,1,0,2,0,1,2,0,1,2,1,0,2,1,2,0,2,2,2,2,2,2,1,2,2,1,2,1,2,1,2,2,2,1,2,0,0,2,2,2,1,1,0,1,0,0,2,2,1,1,2,2,1,2,2,2,1,2,0,2,2,0,2,0,2,1,2,1,2,2,1,2,2,2,2,2,2,1,0,2,2,1,2,2,2,2,2,2,2,1,1,0,0,2,1,2,2,0,1,1,0,1,2,2,2,2,0,1,1,1,2,0,0,2,0
"11","M145603",0,2,0,0,2,1,2,2,2,0,2,2,2,2,2,2,2,1,2,2,0,2,1,1,0,2,2,0,1,1,1,0,1,2,1,1,1,2,2,0,1,2,1,0,0,0,0,1,2,0,2,0,1,1,1,0,NA,0,1,2,1,2,0,2,1,0,1,2,2,0,0,2,1,2,1,0,2,2,2,1,0,0,0,0,1,1,0,2,1,2,0,1,1,0,0,0,1,1,0,0,1,1,1,2,2,2,0,0,2,2,1,2,1,2,2,1,0,2,1,2,1,2,2,1,1,2,2,1,1,2,2,1,2,1,1,1,2,1,0,2,1,1,2,2,2,2,1,0,2,2,1,1,2,0,1,2,2,1,2,1,1,0,1,1,2,0,1,2,1,2,2,2,1,1,2,2,2,2,2,1,2,2,0,0,2,2,2,2,1,2,2,1,0,2,2,1,0,0,2,2,2,2,2,2,2,2,0,2,2,2,2,1,0,1,1,1,1,1,2,0
"12","M145604",0,2,0,0,2,2,1,2,2,0,1,2,2,0,0,1,2,0,2,2,1,2,NA,1,1,1,0,2,1,0,2,0,1,2,2,0,1,2,2,0,0,2,0,0,1,1,0,0,0,0,1,0,1,0,0,0,2,1,1,0,0,2,0,2,0,1,2,2,2,1,2,1,1,0,0,0,2,2,2,1,0,1,0,1,0,0,1,1,2,2,0,2,1,2,2,0,0,0,0,2,2,1,2,1,2,2,0,0,1,2,2,2,1,1,2,2,1,1,2,1,1,1,2,2,2,1,2,1,2,1,2,2,2,2,2,2,0,2,2,2,0,0,2,1,2,2,1,0,2,0,2,1,1,2,2,2,2,0,0,2,1,1,0,2,1,0,0,2,2,2,1,1,2,1,2,2,0,1,2,2,2,2,1,0,2,2,1,2,1,2,2,2,1,2,1,0,0,0,2,2,2,2,0,2,1,0,0,1,2,2,1,0,1,0,1,0,2,2,2,0
"13","M145605",0,1,0,2,0,1,1,0,2,0,2,1,2,2,1,1,2,0,2,1,0,2,2,1,0,1,2,1,0,1,1,0,1,2,1,2,1,2,2,1,0,2,0,1,0,1,0,2,1,0,1,2,2,2,0,0,2,2,0,1,0,1,1,2,1,0,2,2,1,0,1,0,1,2,1,0,2,2,1,2,1,0,1,0,0,1,1,0,1,2,NA,1,0,2,0,0,0,0,0,2,2,2,0,2,2,1,0,1,2,2,0,2,1,1,1,2,2,1,1,2,2,2,2,1,1,1,2,1,1,2,2,2,2,2,1,2,1,1,1,2,0,2,2,2,2,1,2,0,0,1,1,1,2,1,1,2,2,1,2,2,1,1,1,1,2,1,1,2,1,2,2,2,1,2,2,2,2,2,1,2,2,2,2,0,2,1,0,2,2,2,1,2,1,1,2,2,0,1,1,1,2,1,2,2,2,2,1,1,2,1,1,0,0,1,1,0,1,2,1,0
"14","M145606",0,0,1,0,2,1,1,2,2,0,1,0,2,1,1,2,1,2,2,2,0,2,2,1,1,1,0,0,1,2,2,0,1,2,1,1,2,1,2,0,2,2,1,1,0,2,1,1,0,0,0,1,1,1,0,1,1,1,1,2,0,1,1,1,1,1,1,1,1,0,2,2,1,2,0,1,2,1,2,2,1,1,0,0,0,1,1,1,2,0,1,1,1,0,2,2,2,2,1,2,0,1,1,2,2,1,1,0,2,2,0,1,1,2,1,2,2,0,1,1,2,1,2,1,2,2,2,2,2,1,1,2,2,1,2,2,2,1,2,2,0,2,2,2,1,1,NA,1,2,1,1,2,0,0,2,1,2,2,2,1,1,1,1,1,2,1,0,0,1,1,1,1,1,1,2,2,0,2,2,2,2,2,2,0,2,1,2,2,2,2,1,2,2,2,1,2,0,0,2,2,0,1,0,1,0,2,1,2,2,0,1,0,0,1,0,1,2,2,0,0
"15","M145607",0,1,0,0,2,1,0,NA,1,1,2,2,1,2,1,1,1,1,0,1,1,2,NA,2,1,1,1,1,1,1,1,0,0,2,0,0,0,1,1,0,2,2,0,2,0,2,0,2,2,0,0,2,0,1,NA,0,1,0,2,0,1,1,1,2,0,0,2,1,1,0,2,2,2,2,0,1,2,2,1,1,1,0,0,1,0,0,1,1,2,2,0,1,2,1,2,2,2,2,0,2,2,1,1,2,2,1,0,0,1,1,0,2,1,2,1,0,2,1,2,2,2,2,2,1,2,1,2,2,1,2,1,2,2,2,1,1,1,2,2,2,2,2,2,2,2,1,0,0,2,2,1,0,2,2,1,0,2,2,1,2,2,1,1,1,1,2,0,2,1,1,1,2,1,2,2,2,2,2,0,2,2,1,2,1,1,2,2,2,1,2,2,2,1,2,1,2,0,0,2,1,2,2,0,1,2,2,0,2,2,2,2,1,1,0,0,1,2,NA,2,0
"16","M145608",1,1,0,0,2,1,0,1,2,0,1,1,2,0,1,0,1,1,1,2,1,1,NA,0,0,0,0,2,0,1,1,0,0,1,2,2,0,1,1,0,2,2,1,1,2,1,2,1,1,0,1,0,0,1,NA,1,1,2,2,1,0,1,0,2,1,1,NA,1,2,0,0,2,1,2,1,1,2,2,1,1,2,2,0,0,2,2,1,1,2,2,0,1,2,2,2,1,1,1,0,2,1,1,1,2,2,1,1,0,1,1,1,2,2,1,1,1,1,0,2,2,2,2,2,1,2,1,2,1,1,1,1,2,2,1,1,2,0,2,2,2,2,2,2,2,2,2,0,0,2,1,0,1,1,2,2,2,2,1,2,2,1,2,1,1,2,1,2,1,1,1,2,2,2,2,1,1,0,1,2,2,2,2,1,0,2,2,0,2,1,2,2,2,1,2,2,2,1,0,2,1,0,0,1,1,2,1,0,2,2,0,2,0,2,1,1,2,1,2,1,1
"17","M145609",1,1,1,1,2,2,2,1,1,1,1,2,2,1,2,1,1,0,1,2,1,2,2,2,1,0,1,1,0,2,1,0,0,1,1,0,0,2,2,2,1,1,1,0,0,2,1,1,0,0,0,1,1,1,2,0,1,1,1,1,1,1,1,2,1,1,2,2,2,0,0,2,1,1,0,0,2,1,2,2,1,1,0,0,0,1,0,2,1,2,0,1,2,2,1,1,0,1,0,2,2,1,0,2,2,1,0,0,2,2,1,2,0,2,2,1,0,2,2,2,2,2,2,2,1,2,1,1,2,1,2,2,2,2,2,2,2,1,1,2,0,1,2,1,2,2,2,0,2,2,0,0,2,1,2,2,2,1,1,1,0,1,1,1,2,1,1,2,2,2,2,2,2,2,1,2,2,2,2,1,2,2,1,0,2,2,1,2,2,2,2,2,2,1,2,0,0,0,1,2,1,1,1,2,1,1,0,1,2,2,2,1,2,1,1,1,2,1,1,0
"18","M145610",1,0,0,0,1,2,2,0,0,0,2,2,1,1,0,1,2,2,2,0,0,1,0,1,0,0,2,2,1,0,0,2,0,2,0,0,0,2,2,0,1,2,0,1,1,2,1,0,1,0,2,1,1,1,1,2,1,0,1,0,1,2,0,2,1,2,2,0,2,1,2,1,1,0,0,1,1,2,2,1,0,0,0,0,2,1,0,1,1,2,0,1,0,0,2,1,1,1,0,2,2,1,1,2,2,1,0,0,2,2,1,2,1,1,2,0,1,1,0,2,2,2,2,1,2,0,2,2,2,0,2,2,1,2,0,2,1,1,2,0,0,2,2,1,2,0,1,0,1,0,1,1,2,1,0,1,2,1,1,1,2,1,0,2,2,0,0,2,0,2,1,1,1,1,2,1,1,2,2,1,2,2,1,0,1,2,1,0,2,2,2,2,1,2,2,0,0,1,2,2,2,1,1,2,2,1,0,2,1,1,0,0,1,0,2,1,0,2,1,0
"19","M145611",1,2,0,0,1,2,2,2,1,0,2,2,2,2,1,1,2,1,1,0,1,2,NA,1,1,1,1,1,1,2,2,0,0,1,2,1,0,2,1,0,0,2,0,1,1,2,0,1,1,0,0,1,2,2,2,0,1,0,1,1,0,2,0,2,0,0,2,0,1,0,0,2,1,2,0,0,2,2,2,1,2,0,0,0,0,0,1,1,2,2,0,2,2,1,1,1,1,1,0,2,1,1,1,2,2,1,0,1,2,0,0,2,1,2,2,0,2,1,1,2,2,2,2,2,1,1,1,1,1,2,1,2,2,1,1,2,1,0,0,1,1,1,1,2,2,2,1,0,2,2,2,1,2,1,1,1,2,2,1,2,2,0,2,1,1,1,1,1,2,1,2,1,1,1,2,2,1,2,1,2,2,1,2,2,1,2,1,2,2,1,2,2,0,2,2,2,0,0,1,2,2,2,1,2,1,2,0,1,2,1,2,1,2,0,2,1,2,1,2,0
"20","M145612",1,1,1,0,1,2,1,2,2,0,2,2,1,1,1,1,1,1,0,0,0,1,2,0,0,2,1,2,0,0,2,NA,0,2,0,2,0,2,2,0,1,2,0,2,0,1,0,2,0,0,1,0,0,2,0,0,1,2,0,1,1,0,0,2,0,1,1,0,2,0,1,2,2,2,0,0,2,2,1,2,1,0,0,1,2,0,1,0,0,1,0,2,1,0,1,1,1,1,1,2,2,1,1,2,2,1,0,0,2,0,1,2,0,2,2,2,2,1,1,1,1,0,2,1,2,2,2,1,2,2,1,2,1,2,0,1,1,1,1,2,1,2,2,2,2,2,0,0,2,0,0,1,1,1,1,1,2,1,1,1,2,0,1,1,2,1,2,2,1,1,2,2,2,2,2,2,0,2,1,2,1,2,2,1,1,2,2,2,0,1,2,1,2,2,1,1,0,0,1,2,1,1,0,1,0,2,0,2,1,2,1,0,0,1,1,2,1,1,2,0
"21","M145613",0,1,1,0,2,2,1,1,0,0,2,2,1,2,0,NA,0,2,1,2,1,2,2,0,0,1,2,2,1,1,0,0,1,2,1,0,0,1,2,0,2,2,0,1,0,1,1,1,1,0,1,1,1,2,1,1,0,1,1,1,0,1,1,2,1,1,2,1,2,0,0,2,1,2,0,0,2,2,1,2,2,0,0,1,1,0,0,0,1,2,0,2,2,0,2,2,2,2,0,2,2,0,0,2,2,1,0,0,1,2,1,2,1,2,1,1,2,0,2,2,2,1,1,1,2,1,2,1,2,2,2,2,2,2,1,2,1,2,2,2,2,2,2,2,2,1,2,0,2,1,1,2,2,2,2,1,2,1,1,2,2,2,1,1,2,1,0,2,1,1,1,1,2,1,2,1,1,1,0,2,2,2,1,0,2,2,1,2,2,2,2,2,0,2,1,1,0,0,2,2,2,2,1,1,1,1,2,2,2,2,2,2,0,0,0,0,2,2,2,0
"22","M145614",1,2,1,1,1,2,0,0,1,0,2,2,NA,1,2,NA,2,1,1,2,0,2,1,1,0,1,1,1,0,NA,2,0,0,1,NA,1,0,0,2,1,1,2,0,1,0,1,0,0,0,NA,1,1,1,1,0,0,2,1,2,0,NA,0,0,2,2,1,2,0,1,1,0,1,0,2,0,0,2,2,2,2,1,0,0,1,1,0,0,1,0,1,0,1,1,1,2,2,2,2,0,2,1,0,1,2,1,1,0,0,2,0,0,2,1,2,2,1,2,2,1,2,2,1,1,0,1,2,2,1,2,2,2,1,1,1,2,1,2,2,1,2,2,2,0,2,2,1,1,0,2,1,1,1,1,1,2,2,2,2,1,0,1,1,1,1,2,2,1,2,0,2,2,1,2,1,2,2,0,2,1,2,2,2,2,2,1,2,2,2,2,2,2,1,1,2,2,2,0,0,2,1,2,2,1,2,2,2,1,2,2,0,2,0,1,0,1,0,2,1,1,0
"23","M145615",0,2,0,0,2,2,1,0,2,1,1,2,1,1,2,1,2,1,2,0,0,2,2,1,0,1,1,1,2,0,1,0,0,2,2,2,1,2,2,2,0,2,0,2,0,2,1,2,1,0,1,2,2,2,NA,1,2,1,1,1,1,1,1,2,0,2,2,2,1,0,1,2,2,1,1,0,2,2,2,1,2,0,0,0,0,0,1,1,0,1,1,1,1,1,1,2,2,2,1,2,1,2,1,2,2,1,1,0,2,1,0,2,0,2,2,2,1,0,1,2,2,2,2,0,1,1,2,1,2,2,1,2,2,2,1,2,1,1,1,1,0,2,1,1,2,2,2,0,2,1,2,0,2,1,1,1,2,1,1,2,1,2,1,2,2,1,1,1,1,2,2,2,1,1,2,2,2,1,1,2,1,2,0,0,2,2,2,1,2,2,2,2,2,2,1,2,1,1,2,1,1,1,0,2,2,1,0,2,2,2,1,1,1,1,1,0,2,2,2,0
"24","M145616",0,1,0,2,2,1,2,2,2,0,1,2,1,1,2,1,2,0,1,1,0,2,0,1,1,1,1,2,0,1,2,0,0,1,1,2,0,1,2,0,2,1,0,1,1,1,0,2,1,0,1,1,2,1,2,2,2,1,1,0,2,1,1,2,1,1,NA,1,2,0,0,0,0,2,0,1,2,2,0,2,1,0,0,0,1,0,1,2,0,2,0,2,2,2,2,1,1,1,0,1,1,2,1,1,2,2,0,0,2,2,0,2,1,2,2,0,1,2,1,0,2,2,2,1,1,2,2,1,2,1,0,2,2,1,1,1,1,2,1,2,1,1,2,2,2,1,1,0,2,1,1,0,1,2,1,2,2,1,1,2,1,1,1,0,2,0,0,2,0,1,1,1,1,2,2,2,2,2,2,1,2,2,2,0,2,2,1,0,2,2,2,1,2,2,1,1,0,0,2,2,2,2,2,2,2,1,1,2,1,2,2,2,1,1,2,2,0,0,2,0
"25","M145617",1,1,NA,0,1,2,NA,2,2,1,0,1,2,2,0,1,2,2,0,0,1,2,1,1,2,0,2,1,2,0,1,0,1,2,NA,2,0,1,2,1,2,2,0,1,0,1,1,1,0,0,1,1,1,2,0,0,1,1,1,1,1,0,0,2,0,1,1,1,2,0,0,2,1,2,0,0,2,1,1,2,0,0,0,1,0,0,1,2,0,2,1,2,2,2,2,1,1,1,0,2,1,0,1,1,2,1,0,0,2,2,1,2,0,2,2,0,2,1,1,1,2,2,2,0,2,2,2,2,2,1,2,1,2,2,1,2,1,2,2,2,1,1,2,2,2,1,0,0,2,0,0,2,1,2,2,2,2,1,1,2,1,2,1,2,2,1,1,2,0,2,2,1,1,2,2,1,1,2,0,1,2,2,1,0,2,2,1,2,1,2,2,2,2,2,0,1,0,0,1,1,2,2,1,2,1,1,1,2,2,2,2,0,0,1,0,1,1,1,1,0
"26","M145618",0,1,0,1,2,2,1,1,1,1,2,1,1,2,1,1,2,1,1,1,0,1,2,1,0,0,2,2,0,1,2,0,0,2,2,1,1,1,2,1,2,2,1,0,0,2,1,1,1,0,1,1,0,1,0,1,2,1,0,2,1,0,0,2,2,1,2,1,2,0,1,2,0,0,0,0,1,2,1,1,1,0,0,1,0,0,1,2,1,2,0,2,1,1,NA,0,1,1,0,2,2,0,1,2,2,2,0,0,1,2,0,2,0,2,2,2,1,1,1,2,1,2,2,2,2,1,1,0,0,1,0,1,2,2,1,1,2,2,1,2,0,2,1,2,2,0,1,0,2,2,1,1,2,1,1,1,2,0,2,2,2,2,1,0,2,1,2,1,1,1,2,0,2,1,2,1,2,2,0,1,2,2,1,0,0,2,1,2,2,2,2,2,2,2,0,2,0,1,1,2,2,2,0,1,2,1,1,2,2,1,1,2,2,0,2,0,1,1,2,0
"27","M145619",0,0,1,1,2,2,2,0,2,0,2,1,1,1,0,2,2,0,1,0,0,2,1,1,0,0,0,1,1,1,1,0,1,2,1,1,1,2,2,1,2,2,1,1,0,2,0,2,1,1,2,0,2,1,1,1,1,0,0,1,1,2,0,2,0,2,2,1,1,1,0,2,2,2,1,1,2,2,2,2,0,0,0,0,0,0,0,0,1,1,0,1,1,0,1,1,1,1,0,2,0,1,1,2,2,2,1,0,2,1,0,2,1,2,2,2,1,0,2,2,1,2,2,1,2,2,2,1,1,0,2,2,2,2,2,1,1,2,2,0,0,2,1,2,2,2,1,0,2,2,0,2,2,1,2,2,2,1,2,0,2,1,0,2,1,0,0,2,1,1,2,1,2,1,2,2,2,2,0,1,1,2,2,0,2,2,2,2,2,2,2,2,1,2,1,2,0,0,2,2,2,2,0,2,2,1,0,2,2,2,1,0,0,2,0,1,2,0,2,1
"28","M145620",0,1,1,1,2,2,1,1,1,0,2,2,1,2,0,2,1,1,1,2,0,2,NA,2,1,1,1,2,0,0,1,0,0,2,2,2,1,1,2,0,2,2,0,2,1,2,0,1,1,0,0,0,2,2,0,1,1,1,2,1,0,2,0,2,1,1,2,2,2,1,2,2,0,2,0,1,2,2,1,1,1,0,0,0,1,1,1,2,1,2,0,2,2,1,1,0,0,0,0,1,2,1,1,2,1,1,1,0,2,1,2,2,0,2,1,2,1,1,2,1,1,2,2,0,1,2,2,2,1,1,1,1,2,2,1,2,2,2,1,2,0,2,2,1,2,2,0,1,2,1,0,1,0,2,1,1,2,1,1,0,2,1,0,1,2,2,2,2,0,2,1,2,2,2,2,2,2,2,2,1,2,2,2,1,1,2,1,2,1,2,2,2,2,2,1,1,1,0,2,1,1,2,2,2,2,2,0,2,2,1,0,1,2,2,2,0,1,1,1,0
"29","M145621",0,1,1,0,2,0,1,0,2,1,2,2,2,1,1,2,2,2,2,0,0,2,2,1,0,2,2,2,0,1,2,1,0,1,1,2,1,1,1,0,0,2,0,1,0,2,1,0,1,0,2,1,0,1,2,1,1,1,0,1,1,1,0,2,1,0,1,2,1,0,1,1,0,2,1,1,2,2,2,1,1,0,0,0,1,0,1,0,0,2,1,2,2,0,0,0,1,1,0,2,2,1,2,2,2,2,0,0,2,0,0,2,2,2,2,2,0,1,1,2,1,2,2,0,2,2,1,1,2,2,2,2,2,2,1,2,1,1,2,2,1,2,2,2,2,2,0,0,1,0,2,1,1,1,1,1,2,2,1,2,1,2,1,1,2,1,0,1,0,1,2,1,1,1,2,2,0,1,1,2,2,2,0,1,0,2,1,2,2,1,2,1,1,2,1,2,1,0,1,1,0,1,1,0,2,1,2,1,2,1,2,1,0,1,1,1,1,0,2,0
"30","M145622",1,0,0,0,2,2,1,1,1,0,2,2,1,2,2,1,2,0,1,2,1,2,2,1,0,0,0,2,1,1,2,0,0,2,2,1,2,0,2,0,1,2,1,0,0,2,1,2,1,0,NA,0,2,1,1,0,2,2,1,0,0,2,0,2,0,1,1,0,1,0,1,2,1,NA,0,1,2,0,2,1,1,0,0,0,0,0,0,0,1,2,0,2,2,1,1,0,0,0,1,2,2,1,0,2,1,2,1,1,2,0,0,2,1,1,1,2,1,2,1,2,2,2,2,2,1,2,2,2,2,2,2,2,2,2,2,1,2,2,2,2,1,2,2,2,2,2,2,0,2,1,0,2,1,0,1,0,2,1,1,2,2,2,1,2,1,0,1,2,0,0,1,0,1,1,2,2,1,1,2,2,2,2,2,1,2,2,1,2,1,2,2,2,2,0,0,2,0,1,2,2,1,2,2,2,0,2,0,2,1,1,1,1,1,1,1,2,1,0,2,0
"31","M145623",0,2,0,1,2,1,1,0,2,2,1,1,2,1,1,1,2,1,0,1,0,2,2,0,1,2,1,1,0,1,1,0,1,2,2,1,1,1,1,0,2,1,1,1,1,1,1,1,0,0,1,0,2,2,1,0,1,2,2,1,2,0,1,1,1,1,1,0,2,0,1,2,2,1,0,0,2,2,2,2,2,0,0,0,0,0,0,0,1,2,0,2,1,0,0,0,0,0,0,2,2,1,0,2,2,2,0,0,2,1,1,2,1,2,2,2,1,1,2,2,1,2,2,1,1,1,2,2,0,1,1,1,2,2,1,1,0,2,1,2,1,2,2,2,2,0,1,0,2,2,1,1,1,2,1,2,2,1,1,2,2,2,2,1,1,1,0,2,0,2,1,1,2,2,2,1,2,1,1,2,1,1,1,0,1,1,2,1,2,1,2,2,1,2,1,1,0,0,2,1,1,2,1,2,2,0,1,2,2,2,1,0,0,0,1,1,1,NA,1,0
"32","M145624",0,2,0,0,2,2,1,0,2,0,2,2,2,2,2,0,1,1,1,1,1,1,NA,1,1,2,2,1,1,1,1,0,1,2,2,1,1,1,2,1,0,2,0,0,0,1,1,1,2,0,1,2,1,0,NA,0,1,1,2,1,0,2,1,2,1,1,2,2,2,0,0,0,1,1,0,1,2,2,0,1,1,0,0,0,1,1,0,1,1,1,1,2,2,1,1,0,1,1,0,2,1,1,1,2,2,1,0,0,2,2,1,2,0,2,2,1,0,2,2,2,2,2,2,1,1,1,2,2,1,2,1,1,2,1,1,2,1,2,1,2,1,1,2,2,2,2,0,0,0,1,2,2,0,1,1,2,2,2,1,2,1,0,1,0,2,2,1,2,1,1,2,2,0,2,2,2,2,1,1,1,2,2,1,0,2,2,1,2,1,2,2,2,0,2,1,1,0,0,2,1,2,1,2,2,2,2,1,2,1,1,1,1,1,2,1,2,2,0,2,0
"33","M145625",1,2,NA,0,2,2,2,1,2,0,2,2,2,2,1,1,2,2,1,1,1,1,2,0,2,1,2,1,1,0,2,0,1,2,1,0,1,1,2,1,2,2,1,0,0,2,1,2,2,0,1,1,1,0,2,1,1,1,2,1,1,2,1,2,2,0,2,2,2,0,0,1,1,2,0,1,2,2,1,1,1,0,0,0,0,1,0,1,1,1,0,1,1,0,0,0,1,1,0,2,1,0,2,2,2,2,0,0,2,2,0,2,1,2,2,2,0,2,2,2,2,2,2,1,1,2,2,2,2,2,2,2,2,0,1,2,1,1,1,2,1,2,2,2,2,2,1,0,1,2,2,1,2,1,1,2,2,1,0,2,2,0,1,0,2,1,1,2,2,1,2,2,2,2,2,2,2,2,1,1,2,2,1,1,2,2,2,2,1,2,2,2,1,2,1,1,0,0,2,2,2,2,2,2,2,2,1,2,1,1,2,1,1,1,1,1,2,0,2,0
"34","M145626",0,1,0,0,2,2,1,1,1,0,2,0,2,1,1,0,2,2,2,2,0,2,0,1,0,2,1,2,1,2,1,0,1,1,2,1,0,1,2,0,1,2,0,2,0,1,0,1,1,0,1,0,1,1,1,1,2,1,1,0,0,2,1,2,0,1,1,1,2,0,0,2,1,2,1,0,2,2,1,2,0,0,0,0,1,1,1,1,0,2,0,1,1,1,2,2,2,2,1,2,1,2,1,2,2,2,0,0,2,2,0,2,2,2,2,2,1,1,2,2,2,2,2,2,2,2,2,1,0,1,2,1,1,1,1,1,0,2,1,2,1,2,2,2,2,1,1,0,1,1,1,2,0,2,1,1,2,2,2,2,0,1,0,2,1,1,0,2,2,1,2,2,1,2,2,1,1,2,1,2,2,2,2,0,2,2,1,2,2,2,2,2,1,2,1,1,0,0,2,0,2,2,1,2,2,1,0,2,0,1,2,2,1,2,1,1,1,1,1,0
"35","M145627",0,0,1,0,2,2,0,0,2,0,2,1,1,1,1,0,1,0,2,1,0,2,1,1,0,0,0,2,0,1,0,0,0,1,2,1,0,1,2,1,1,2,0,1,0,2,1,1,1,1,0,0,2,2,1,1,2,0,0,2,0,2,1,2,0,0,2,1,1,1,1,2,1,2,0,0,2,2,1,1,0,0,1,0,0,0,0,0,1,2,0,2,2,1,2,1,1,1,0,2,1,0,0,2,2,2,2,0,2,0,0,2,2,2,2,2,0,0,1,2,0,2,2,0,1,2,2,0,1,1,2,2,2,2,2,1,2,2,2,2,0,2,2,2,2,2,1,0,2,1,0,2,2,1,0,2,2,0,1,2,1,2,1,1,1,1,1,1,0,1,2,2,2,2,2,2,2,1,1,2,2,2,1,0,2,2,2,2,2,2,2,2,1,1,2,2,0,0,2,2,1,1,1,1,1,2,0,2,2,1,1,0,0,0,2,0,1,0,2,0
"36","M145628",1,1,1,2,2,1,1,0,2,0,1,2,2,2,1,1,2,1,2,2,0,2,NA,1,1,1,1,1,2,1,1,NA,1,2,2,2,1,1,1,0,1,2,1,0,0,2,0,1,1,0,2,1,1,1,1,2,2,2,1,1,2,0,0,2,1,2,NA,1,2,0,1,1,2,1,0,0,2,1,2,1,1,0,0,0,1,0,0,1,0,1,0,1,1,0,NA,2,2,2,0,2,0,1,0,2,2,1,0,0,2,0,1,2,0,2,2,0,2,0,1,2,1,1,2,1,2,2,2,1,2,2,1,2,2,0,0,1,2,2,1,2,2,1,2,2,2,1,0,0,2,0,1,2,1,1,2,1,2,2,1,2,2,2,2,1,2,0,2,2,0,2,2,1,0,2,2,2,1,2,1,2,2,2,2,0,1,2,2,2,1,2,2,2,1,2,1,2,0,0,2,2,1,1,1,2,2,1,1,2,2,2,0,2,1,1,1,2,1,0,2,0
"37","M145629",1,0,0,0,2,1,1,1,1,0,2,1,2,1,2,2,2,1,2,2,1,2,0,1,1,2,0,2,0,1,1,0,0,2,2,1,0,2,2,0,2,2,0,0,2,2,0,1,0,0,0,1,1,1,0,0,1,1,0,0,0,2,0,2,0,1,1,2,2,0,1,0,2,2,1,0,2,2,2,2,1,0,0,1,0,0,0,0,2,2,2,1,2,1,2,1,1,1,0,1,0,2,2,1,2,0,1,0,1,1,1,2,2,2,2,2,2,2,2,1,2,2,1,2,1,2,2,0,1,1,2,1,2,2,1,1,1,1,2,2,0,2,2,1,2,1,2,0,2,2,0,2,2,0,1,1,2,2,1,1,2,1,2,1,2,2,0,2,1,1,2,1,2,2,1,2,2,2,1,2,2,2,2,0,2,2,2,2,2,2,2,2,1,2,1,2,0,0,2,2,1,2,1,1,1,1,0,2,2,2,1,1,1,1,2,1,2,0,2,0
"38","M145630",0,2,1,2,1,2,2,1,2,0,1,2,1,2,1,2,2,1,2,2,0,2,2,0,1,0,2,2,0,2,1,0,1,1,0,1,0,2,2,2,2,2,0,2,2,2,1,0,2,0,2,1,1,2,1,0,0,2,2,1,0,1,0,2,1,2,2,1,2,0,0,2,1,2,0,0,2,2,2,2,1,0,0,0,1,0,0,0,2,2,0,2,1,2,2,0,0,0,0,2,1,1,2,1,2,2,0,0,2,0,1,2,1,1,2,2,2,1,1,1,2,1,2,1,1,2,1,1,1,2,2,2,1,2,2,1,2,1,1,1,1,2,1,1,2,2,1,0,2,0,0,2,1,0,2,0,2,2,0,2,0,2,1,1,2,2,2,2,1,2,2,2,2,0,2,1,1,1,2,2,2,2,2,1,1,2,2,2,2,1,2,2,1,0,1,1,0,1,2,1,1,2,0,1,1,2,2,2,1,1,1,1,0,1,2,1,1,1,2,0
"39","M145631",0,1,2,0,2,2,0,1,2,0,1,1,2,2,1,0,1,1,1,2,0,2,1,0,1,0,2,1,1,1,1,0,1,2,0,1,1,1,2,0,2,2,1,2,0,2,1,0,0,0,1,0,2,1,2,2,1,0,1,0,0,2,0,2,1,0,2,2,1,1,1,NA,0,2,0,0,2,1,2,1,2,0,0,1,2,0,0,2,1,1,0,2,1,0,1,1,1,1,0,2,1,0,1,2,2,1,1,0,1,0,1,1,0,2,2,1,2,1,2,2,2,2,2,0,1,1,2,2,2,1,2,2,2,2,1,2,1,0,1,2,1,2,2,2,2,2,2,0,2,1,2,1,0,2,2,2,2,1,1,2,2,1,1,0,2,1,0,1,1,1,2,1,1,2,2,1,1,2,1,2,2,2,2,1,1,2,1,2,2,2,2,1,0,2,0,2,0,0,2,2,0,2,2,2,2,1,1,2,2,1,2,1,2,1,2,1,2,1,2,1
"40","M145632",NA,NA,NA,NA,1,NA,NA,1,2,NA,2,1,2,1,1,NA,2,0,2,NA,NA,2,2,NA,NA,NA,NA,2,NA,NA,2,NA,NA,NA,NA,2,0,1,1,0,0,2,0,NA,0,NA,0,0,1,0,NA,0,0,2,1,0,NA,NA,NA,NA,1,NA,NA,2,0,0,2,1,2,0,0,NA,NA,1,0,1,2,2,1,NA,2,0,1,0,1,0,0,1,0,1,NA,1,2,0,0,1,1,1,0,1,1,1,1,1,2,2,0,0,2,1,0,2,0,1,2,2,1,1,0,2,1,2,2,0,2,2,2,0,2,2,2,2,2,2,2,2,1,2,1,1,1,1,2,2,2,2,1,0,2,1,1,2,1,1,2,1,2,2,0,0,1,1,1,1,2,0,1,2,0,2,2,0,2,1,2,2,0,2,2,2,2,2,2,1,2,2,2,2,1,2,2,2,0,2,1,1,0,0,2,1,2,2,1,1,2,2,0,2,1,1,2,0,1,1,1,2,0,2,2,0
"41","M145633",0,2,1,0,2,2,1,1,1,0,2,1,2,1,2,0,1,1,1,2,1,2,1,1,0,1,2,NA,1,0,1,0,0,2,1,1,0,1,2,1,2,NA,0,0,1,0,NA,1,2,NA,1,0,2,0,0,0,2,1,1,0,0,NA,1,2,0,1,2,2,1,1,0,0,0,2,0,0,2,1,2,1,2,0,0,0,1,0,0,1,1,1,0,2,2,2,0,0,0,0,1,2,0,1,1,2,2,2,0,0,2,1,0,2,1,2,2,1,1,0,2,2,1,2,2,2,1,2,2,0,2,1,2,1,2,2,1,1,2,2,1,2,0,1,2,2,2,2,0,0,2,2,0,2,1,1,2,1,2,0,1,1,2,1,0,2,2,2,1,1,1,2,1,1,2,2,2,1,2,1,0,2,1,2,2,0,2,2,2,2,2,2,2,2,2,2,1,1,0,0,2,2,0,2,1,2,2,0,0,2,2,2,2,1,0,2,1,1,1,2,2,0
"42","M145634",2,1,1,0,2,2,1,1,1,0,2,1,2,2,1,0,2,1,2,1,1,2,2,0,1,1,2,1,1,0,2,0,0,1,2,1,0,1,2,1,1,2,0,0,1,1,1,0,0,0,1,1,2,0,1,1,2,0,0,1,0,2,0,2,2,2,NA,1,1,1,0,1,0,2,0,0,2,2,2,2,1,1,0,0,0,0,2,1,0,2,0,1,2,1,NA,2,1,2,0,1,NA,1,1,1,2,1,0,0,2,1,1,2,1,2,2,1,2,1,2,0,1,2,2,0,2,2,2,0,2,2,1,2,1,2,2,2,2,1,1,2,1,2,2,2,2,1,2,0,1,2,1,2,2,2,1,2,2,2,2,1,0,1,2,2,2,1,0,2,1,0,1,1,1,1,2,2,0,2,1,2,2,2,1,0,2,2,2,2,2,2,2,2,2,2,1,1,0,0,2,1,1,2,1,0,1,1,2,2,0,1,2,1,1,0,0,1,1,2,2,0
"43","M145635",NA,2,1,0,2,2,1,NA,1,1,1,2,2,2,2,1,2,1,2,2,1,1,1,0,0,0,1,1,0,0,0,0,1,2,1,NA,0,1,2,0,2,2,1,0,1,NA,0,2,0,0,NA,0,1,1,1,0,1,0,2,0,1,2,0,2,NA,0,2,1,0,0,0,2,2,2,1,0,2,2,2,2,1,0,0,0,1,1,0,2,NA,2,0,2,2,1,2,0,0,0,0,2,2,1,0,1,1,2,0,0,2,0,2,2,0,1,1,2,1,0,2,2,2,2,2,0,1,2,2,0,1,0,0,2,2,2,0,2,1,2,1,1,0,2,2,2,2,2,0,0,2,1,2,2,2,0,1,2,2,2,0,2,2,2,1,1,2,1,0,2,1,1,2,1,1,0,2,2,2,0,1,2,1,2,2,0,1,2,2,2,2,1,2,1,2,1,1,2,0,0,2,2,2,0,1,1,2,1,1,2,2,0,2,2,2,1,1,1,1,0,2,0
"44","M145636",0,0,0,0,2,2,0,1,1,1,0,1,1,1,1,1,2,2,1,1,1,2,2,1,0,2,1,2,0,2,0,0,1,2,1,0,0,1,0,0,1,2,0,2,0,2,0,1,0,0,1,2,2,0,0,2,0,1,2,0,1,2,0,2,1,0,1,2,NA,0,0,2,2,2,0,NA,1,0,2,2,1,0,0,0,0,1,1,0,0,2,0,2,2,0,1,0,1,1,0,1,2,0,0,0,2,1,0,1,1,2,2,2,1,1,2,1,2,2,2,1,1,2,2,1,2,1,2,1,2,2,2,1,2,1,0,2,1,1,2,2,1,1,1,2,1,1,1,0,2,0,2,1,2,1,1,1,1,1,2,2,1,1,1,1,2,1,1,2,0,1,2,2,2,2,2,2,2,2,1,2,2,2,2,1,1,2,2,2,2,2,1,2,1,2,1,1,0,0,2,1,2,2,2,2,2,2,1,2,1,2,1,1,2,0,0,0,2,1,2,0
"45","M145637",0,2,0,0,2,1,1,1,2,0,2,2,2,1,0,1,2,0,2,2,1,2,2,1,2,1,2,0,1,1,2,1,0,2,1,2,1,1,2,0,1,2,2,0,0,2,1,0,1,0,2,1,2,1,2,0,0,0,1,2,0,2,0,2,1,0,0,2,1,0,0,2,0,1,0,0,2,2,0,1,0,0,0,0,1,0,0,1,0,2,0,1,0,1,1,0,0,0,0,2,2,1,1,2,2,2,0,0,2,1,0,2,1,2,2,1,0,1,1,2,1,2,2,1,1,2,2,0,2,2,2,2,2,2,2,2,2,2,2,1,1,2,2,2,2,2,1,0,1,2,2,1,1,0,2,2,2,1,0,1,0,0,0,1,2,1,1,2,2,2,2,1,2,1,2,2,0,2,0,1,2,2,1,0,1,2,2,2,1,2,2,2,0,2,2,1,0,0,2,1,2,2,2,2,2,1,0,2,2,2,2,0,0,1,1,2,1,0,1,0
"46","M145638",0,2,0,0,1,2,0,2,2,0,2,1,2,2,2,0,2,0,1,2,0,1,2,1,0,1,1,1,0,2,1,0,0,1,2,0,1,1,2,1,1,NA,1,0,0,0,1,1,1,0,2,0,2,1,0,0,2,0,0,0,0,2,0,2,1,2,2,1,0,0,1,1,0,2,0,0,2,2,1,2,1,0,1,1,2,1,1,0,2,2,0,1,2,0,1,2,2,2,0,2,0,1,1,2,2,1,1,0,2,0,1,2,1,2,2,2,2,0,2,1,2,1,2,1,1,2,2,2,2,1,1,2,2,2,0,1,1,1,2,2,2,1,2,2,2,1,1,0,2,2,0,1,1,2,1,2,2,2,0,2,1,1,0,1,2,0,1,2,2,2,1,1,2,1,2,2,1,1,1,2,2,2,0,0,2,2,1,1,2,2,2,2,1,1,1,1,0,0,2,2,1,1,2,2,1,1,0,2,2,1,1,0,1,0,0,0,1,2,2,0
"47","M145639",0,1,1,0,2,2,1,1,2,0,2,2,1,0,0,1,2,1,2,0,0,2,1,0,0,0,2,2,1,0,1,0,0,2,1,2,0,2,2,1,1,2,1,0,1,2,1,2,0,0,2,2,1,1,0,1,1,1,2,1,0,2,1,2,0,1,2,2,2,0,1,NA,1,2,1,1,2,2,2,2,2,0,0,0,0,0,0,2,1,2,2,1,1,0,1,1,1,1,0,2,2,1,0,1,2,1,0,0,1,1,1,2,0,1,2,1,2,1,2,2,2,2,2,2,2,1,2,2,0,1,1,2,2,1,1,1,1,1,1,2,1,2,2,1,2,1,2,0,1,1,1,0,1,0,1,1,2,2,2,2,2,1,0,1,2,1,2,2,0,1,2,1,1,2,1,1,1,2,1,2,2,2,2,0,1,2,0,2,2,2,2,2,2,2,1,1,0,0,2,1,2,2,1,1,2,0,0,2,1,2,2,0,2,0,2,0,2,0,2,1
"48","M145640",0,0,1,1,1,2,1,1,2,NA,2,2,2,1,2,0,2,1,2,NA,1,2,1,0,0,0,NA,2,2,NA,1,0,NA,NA,NA,2,1,NA,1,0,1,2,0,0,0,NA,0,0,0,0,1,0,0,2,1,1,1,NA,0,0,NA,1,NA,2,0,0,NA,2,2,0,1,1,NA,1,0,1,2,1,1,NA,0,0,1,0,1,0,1,2,0,1,0,0,2,1,1,1,1,1,0,2,1,0,0,1,2,2,1,0,1,0,NA,1,0,1,2,2,2,2,1,2,1,2,1,2,2,2,2,0,1,2,1,2,2,2,1,2,0,2,2,0,0,0,2,2,2,2,0,0,2,0,1,2,1,1,1,1,2,2,1,2,2,0,1,0,2,2,1,2,0,2,1,1,2,2,2,2,1,2,1,2,2,2,2,0,2,2,1,2,2,1,2,1,0,2,1,2,0,0,2,2,2,2,2,1,2,1,0,2,2,1,2,1,1,0,1,0,1,0,1,0
"49","M145641",0,1,1,0,2,1,2,1,1,0,2,2,0,2,2,1,2,2,2,2,0,2,2,0,1,1,0,1,0,0,2,0,0,2,2,2,0,2,1,2,1,2,0,1,1,2,0,1,1,0,2,1,2,2,1,0,2,2,0,1,1,2,0,2,1,0,2,1,2,1,0,2,0,2,1,0,2,2,1,2,2,1,0,0,1,0,2,1,1,2,0,1,1,1,1,0,0,0,1,2,1,2,2,2,2,2,0,0,2,0,0,1,2,2,2,1,0,2,2,1,2,1,2,1,1,2,2,1,2,2,2,1,2,2,1,2,1,1,2,2,1,1,2,1,2,2,0,0,1,2,2,2,1,1,2,1,2,0,1,2,0,1,2,2,2,1,1,1,1,2,1,2,2,2,2,1,2,2,2,2,2,2,1,0,2,2,2,1,2,2,2,2,2,2,2,1,0,0,2,1,2,2,1,1,2,2,0,2,1,1,2,0,1,2,1,1,1,1,1,0
"50","M145642",0,0,1,0,2,1,0,1,2,0,2,1,2,1,1,1,0,0,2,1,0,2,1,1,0,1,1,2,1,1,1,0,1,2,2,1,1,2,2,2,0,2,1,0,0,1,0,1,2,0,2,1,1,1,2,1,1,0,1,2,0,2,0,2,0,1,1,1,1,0,0,2,1,NA,0,1,2,2,1,2,0,0,0,0,0,0,0,1,0,1,0,2,1,0,0,0,0,0,0,2,1,0,1,1,2,2,0,0,2,1,1,2,2,1,2,2,1,1,1,2,1,2,2,2,1,2,2,1,2,1,2,2,2,2,2,1,1,2,1,1,1,2,1,2,2,2,1,0,2,2,0,0,1,1,2,2,2,0,2,2,2,1,0,1,2,1,0,2,0,2,2,1,2,1,1,2,1,2,2,2,1,2,1,0,2,2,1,1,2,2,2,2,1,2,1,2,0,0,2,1,2,1,1,2,2,2,0,2,2,2,1,0,0,1,1,1,2,1,2,0
"51","M145643",1,0,0,1,2,0,0,2,2,0,2,2,2,1,1,1,2,1,2,1,2,2,2,1,1,0,1,2,0,1,2,0,0,2,2,0,0,1,1,1,2,1,1,2,0,2,2,1,1,0,1,1,2,1,0,1,1,2,1,0,0,0,2,2,2,2,1,2,1,1,0,1,1,2,0,0,2,2,1,2,1,0,0,0,1,0,2,0,0,2,1,2,2,1,2,1,1,1,0,2,1,1,0,1,1,1,0,1,2,1,1,2,0,2,2,2,1,1,1,2,2,2,2,2,1,2,2,1,0,2,0,1,1,1,0,2,2,2,2,1,1,2,2,1,2,2,1,0,NA,1,1,1,1,1,1,1,2,1,1,2,2,1,2,1,2,2,1,1,1,0,2,1,2,1,1,2,1,2,1,2,2,2,2,0,2,2,1,2,2,1,1,1,2,2,0,1,0,0,1,1,0,2,1,2,2,2,1,2,2,2,1,0,2,1,0,0,2,2,2,0
"52","M145644",0,2,0,0,2,2,1,0,1,1,2,2,1,2,2,0,2,1,0,0,1,2,2,1,2,1,1,2,2,2,1,0,1,1,0,2,0,2,2,1,1,2,0,1,1,2,0,1,1,0,0,1,2,0,1,0,1,0,2,1,1,2,1,2,0,1,2,0,2,0,1,1,1,2,0,0,2,2,1,NA,2,0,0,0,1,0,0,0,2,2,0,0,0,0,0,0,0,0,0,2,2,2,1,2,2,1,0,0,2,1,0,2,1,2,2,0,1,2,1,2,2,2,2,2,1,1,2,1,1,2,1,2,2,0,1,1,2,1,1,2,2,1,1,2,2,2,2,0,2,2,2,1,2,1,1,2,2,2,2,2,2,0,2,1,1,2,1,1,1,2,2,2,1,1,2,2,1,2,1,2,1,2,2,1,2,2,1,2,2,2,2,2,1,2,1,2,0,0,2,2,2,2,1,2,1,1,0,1,2,1,2,1,2,0,1,2,2,2,2,0
"53","M145645",0,1,1,1,1,2,1,2,2,0,2,1,2,2,1,0,2,1,2,1,0,2,2,0,1,0,1,2,0,0,0,0,0,2,1,0,0,1,2,0,0,2,0,1,0,2,1,0,1,0,0,0,1,1,0,0,1,1,0,1,1,2,0,2,0,1,2,1,2,0,1,2,0,0,0,0,2,2,1,1,1,0,0,0,1,0,1,1,0,1,0,1,1,0,0,0,0,0,0,2,1,0,1,2,2,2,1,0,2,0,1,2,0,1,2,2,2,1,1,2,2,2,1,0,1,1,2,2,2,2,2,2,2,1,2,2,1,2,2,2,0,2,2,2,2,2,2,0,2,2,1,1,1,2,1,1,2,1,1,2,1,2,1,0,1,1,1,2,1,2,1,1,2,2,2,2,2,2,1,2,2,2,0,0,2,2,2,1,2,1,2,2,2,1,1,2,0,0,1,2,2,2,1,2,2,1,0,2,1,1,2,0,2,1,0,0,2,1,2,0
"54","M145646",1,1,1,0,2,1,2,0,2,0,2,2,0,2,2,1,2,1,1,2,1,2,2,2,1,2,1,2,2,1,1,0,0,2,2,1,1,1,2,1,1,2,0,0,1,1,0,1,1,0,2,0,2,2,1,2,2,1,0,1,1,1,0,2,1,0,1,1,1,1,1,2,1,1,0,0,2,2,1,2,1,0,0,0,0,0,0,1,1,0,2,1,2,0,0,1,0,1,0,2,0,2,2,1,2,2,0,0,2,1,0,2,2,1,2,2,1,1,1,1,1,2,2,1,1,0,2,2,1,2,1,2,1,1,1,0,1,1,2,2,2,1,2,2,2,2,0,0,2,0,2,2,1,2,1,2,2,1,1,2,1,1,2,1,2,1,2,0,0,0,1,2,2,2,2,1,2,1,2,2,2,2,2,2,2,2,1,2,1,1,2,2,0,2,1,2,0,0,2,1,2,1,2,2,2,2,0,2,1,2,1,1,2,1,1,0,1,0,2,0
"55","M145647",0,1,2,1,1,1,1,1,2,0,1,2,2,1,1,2,2,1,1,2,0,2,1,0,1,0,2,2,1,1,1,0,0,2,0,1,0,2,2,1,2,2,0,1,2,2,0,0,2,0,2,2,1,2,1,2,1,1,0,1,0,1,0,2,1,1,2,0,2,0,1,2,0,1,0,0,2,2,2,2,1,0,0,0,1,0,0,1,1,2,0,1,2,2,2,0,0,0,0,2,0,0,1,2,2,2,0,0,2,2,1,2,0,1,2,1,1,1,1,1,1,2,2,1,1,1,1,1,0,2,2,2,2,2,1,1,2,2,1,2,0,2,1,1,2,2,2,0,2,0,0,2,1,0,2,0,2,2,1,2,1,2,1,2,2,2,2,1,1,1,2,1,1,0,2,1,2,1,1,1,2,2,2,0,1,2,1,2,2,2,2,2,1,0,1,1,0,1,2,2,1,2,0,1,0,1,1,2,2,1,1,2,0,1,2,1,2,1,1,0
"56","M145648",1,0,1,0,2,2,1,2,2,0,1,2,2,2,0,2,2,2,0,0,0,2,2,1,0,2,1,2,0,1,2,0,1,2,1,2,0,1,2,0,1,2,0,1,0,1,0,2,0,0,1,1,1,1,0,0,2,2,1,1,0,1,1,2,1,1,NA,NA,2,0,0,1,2,2,0,1,2,1,1,2,1,0,0,1,0,0,1,0,1,0,0,2,2,0,1,1,1,1,0,2,2,1,2,2,2,2,0,0,1,1,1,2,1,2,2,1,1,1,0,1,1,1,2,0,0,2,2,1,1,2,1,2,2,2,0,1,0,2,1,2,1,2,2,2,2,1,1,0,2,1,1,1,0,2,2,0,2,0,1,1,1,0,0,1,2,1,1,1,1,2,2,2,2,1,2,2,0,2,2,2,2,2,2,0,0,2,1,2,1,1,2,2,2,2,1,1,0,0,1,1,2,1,1,1,0,1,0,2,1,2,2,0,1,1,2,2,1,0,2,0
"57","M145649",0,0,1,0,2,2,1,2,2,1,2,1,2,2,1,0,1,1,2,2,1,2,1,1,0,1,1,2,1,1,1,0,1,2,2,0,1,2,2,0,1,2,0,1,0,1,0,0,1,0,0,1,0,1,0,1,1,0,0,0,1,1,1,2,0,0,0,2,2,0,0,1,0,2,0,1,2,2,1,2,1,0,0,0,0,0,1,2,0,2,0,1,1,0,1,1,1,1,0,2,1,0,1,1,2,2,1,0,1,1,2,2,1,1,2,2,2,2,2,1,2,2,1,2,2,2,2,0,2,2,2,2,2,2,1,2,1,2,0,0,1,1,2,2,2,2,2,0,2,2,1,1,1,1,1,2,2,2,0,2,2,1,1,0,2,2,1,2,0,2,0,1,2,2,2,2,1,2,1,2,2,2,1,0,2,2,1,1,1,1,2,1,2,2,1,2,0,0,2,1,2,2,2,2,2,2,0,2,1,1,2,1,1,0,0,0,2,1,1,0
"58","M145650",0,0,1,0,2,2,2,1,1,1,1,2,2,1,1,0,2,1,1,2,1,1,2,1,2,0,2,1,0,2,2,0,1,2,2,0,0,2,2,2,1,2,1,0,0,2,0,1,1,0,0,1,1,0,2,0,2,1,1,0,1,1,1,2,0,0,2,0,1,0,0,2,1,2,0,0,2,1,2,1,1,1,0,0,0,0,0,1,1,2,0,2,2,2,1,1,0,1,0,2,1,2,1,2,2,1,0,0,2,1,1,2,0,2,1,2,0,0,2,2,2,2,2,2,1,2,2,1,2,2,2,2,2,2,1,2,2,1,2,2,0,1,2,1,2,1,1,0,2,2,1,0,2,1,2,1,2,1,1,0,0,1,1,2,2,1,0,2,1,2,2,1,1,2,2,2,2,2,1,1,1,2,1,0,2,2,2,2,2,2,2,2,2,2,2,2,0,0,1,2,1,1,1,2,2,1,1,1,2,1,2,1,1,1,1,1,2,2,1,0
"59","M145651",0,1,0,0,1,2,0,2,2,0,2,2,2,2,2,0,1,1,2,1,0,1,2,1,0,1,1,1,0,0,0,0,1,2,1,1,2,1,2,1,1,2,0,0,1,2,0,1,1,0,0,1,0,0,0,1,1,1,2,0,0,1,0,2,0,2,2,2,1,0,2,1,2,2,0,1,0,1,2,2,2,0,0,0,1,2,0,1,0,2,0,2,2,1,2,1,1,1,1,2,1,2,1,2,2,2,0,1,2,1,1,2,0,2,2,2,2,2,2,2,2,2,2,0,2,2,2,0,1,1,1,2,2,1,0,2,1,1,2,1,1,1,1,2,2,2,0,0,2,1,1,2,2,1,1,1,2,2,1,2,2,2,2,2,2,1,0,2,0,2,2,2,1,2,2,1,2,2,0,1,2,2,2,1,2,2,2,2,1,2,1,1,1,2,1,1,0,0,2,2,2,1,1,2,2,2,0,2,2,0,2,1,1,0,1,1,2,0,2,0
"60","M145652",1,1,0,1,2,2,2,1,2,0,0,1,2,2,1,1,0,0,1,1,2,2,2,2,0,1,2,2,0,1,1,0,0,2,2,2,0,0,2,0,2,2,0,0,1,1,0,2,1,0,2,2,1,1,1,0,1,1,2,0,0,2,0,2,0,1,0,1,2,1,1,2,1,1,0,1,2,1,2,2,1,0,0,0,2,0,2,0,1,1,0,0,1,1,0,2,0,2,0,2,1,1,0,2,2,2,1,2,1,0,2,2,2,2,2,1,1,2,1,1,1,2,2,0,2,1,2,1,1,2,1,2,2,2,0,2,0,2,2,2,0,1,1,2,1,2,1,0,2,NA,1,1,1,1,1,2,1,2,0,2,1,0,2,0,2,1,1,1,0,2,0,1,1,1,2,2,1,2,2,1,2,2,1,1,2,2,1,2,2,2,1,2,2,2,2,2,1,0,2,1,2,2,1,2,1,2,0,2,1,0,0,0,1,1,1,2,2,2,2,0
"61","M145653",0,1,1,0,2,1,1,0,1,1,2,1,1,1,2,2,1,2,2,1,0,2,1,1,1,1,2,1,2,0,1,0,0,1,1,1,1,2,2,2,2,2,0,0,2,1,1,0,1,0,1,0,0,1,0,0,2,1,0,2,1,1,2,2,0,0,2,0,2,0,0,2,1,2,1,0,2,2,1,2,2,0,0,1,0,0,0,1,0,1,0,1,1,1,2,1,1,1,0,2,1,2,2,1,2,2,0,2,2,1,0,2,1,2,2,2,1,0,2,2,2,2,2,1,2,2,2,1,0,1,1,2,2,2,1,1,1,1,2,1,1,1,1,2,1,2,1,0,2,1,1,2,2,1,1,2,1,1,1,2,1,1,2,1,2,2,1,2,0,0,1,2,2,2,2,2,0,1,1,0,2,2,2,0,2,2,1,1,1,2,1,2,2,2,1,2,0,0,2,2,0,1,2,2,2,2,1,2,2,2,1,2,1,2,2,2,1,1,2,0
"62","M145654",1,0,0,0,1,0,0,1,2,0,1,2,2,2,2,2,1,1,1,1,0,2,2,0,0,1,1,2,1,1,1,0,0,1,1,2,0,1,2,2,1,2,0,2,1,1,1,0,1,0,1,1,1,1,0,2,2,0,2,1,0,2,0,2,2,0,1,1,1,0,1,1,1,2,1,0,2,2,2,1,0,0,0,1,1,0,1,1,0,2,2,2,1,0,1,1,1,1,0,2,2,1,1,2,2,0,0,0,1,0,1,2,1,1,2,2,0,1,2,1,1,2,2,2,0,2,1,2,2,1,2,2,1,1,0,1,1,1,2,2,0,1,2,2,2,2,2,0,1,2,1,2,1,0,2,2,2,2,0,2,1,2,1,1,1,0,1,2,1,1,2,1,1,2,2,1,2,2,2,2,2,2,1,0,1,2,0,2,2,2,2,2,2,1,2,2,0,0,2,2,2,2,0,1,1,0,1,2,2,1,1,0,1,0,1,0,2,2,1,0
"63","M145655",1,1,1,0,2,2,2,2,1,0,1,1,2,0,2,1,2,1,2,1,1,2,2,0,0,1,1,1,0,1,2,0,0,2,1,2,0,1,2,1,2,2,0,2,0,2,1,1,1,0,1,1,1,1,1,0,1,2,0,1,0,1,0,2,1,1,2,0,2,0,0,2,0,2,2,0,2,2,2,1,1,1,0,0,0,1,0,1,1,1,0,2,1,2,2,0,0,0,1,1,2,2,1,2,1,1,0,1,2,1,0,2,1,2,2,2,1,1,2,2,2,2,2,2,1,2,2,2,0,1,2,2,2,2,1,2,1,1,2,2,2,2,2,1,2,2,0,0,0,2,1,2,2,0,2,2,2,2,2,1,1,2,2,2,2,1,1,1,2,1,2,2,1,2,2,2,1,2,1,2,2,2,1,1,1,2,2,2,0,2,2,1,2,1,1,1,0,0,2,0,1,2,1,2,2,2,0,2,1,0,2,0,0,1,0,2,1,1,2,0
"64","M145656",0,1,1,0,2,1,1,1,2,0,2,2,1,1,1,1,2,2,2,1,1,2,1,1,0,0,1,1,NA,1,2,2,0,2,1,2,1,2,2,1,0,2,1,1,0,1,2,1,2,0,0,1,0,1,1,1,2,1,1,2,0,1,0,2,1,0,0,1,1,0,0,2,1,2,0,0,2,2,2,1,1,0,0,0,2,0,0,1,1,2,0,1,1,2,2,1,1,1,0,1,1,1,2,2,2,2,1,0,2,0,1,2,2,2,2,1,1,1,1,2,1,2,1,0,2,1,1,1,2,2,1,2,2,2,2,2,1,2,2,2,1,2,2,2,2,2,1,0,2,2,2,0,0,1,2,1,2,2,1,0,1,1,2,1,2,1,0,1,1,2,2,1,2,2,2,1,0,1,1,2,2,2,1,0,1,2,2,2,2,1,2,1,2,2,2,1,0,1,1,1,2,2,1,2,2,1,1,1,2,1,1,1,1,1,1,1,0,1,2,0
"65","M145657",1,2,NA,0,2,2,2,0,2,0,2,2,1,2,1,2,2,1,1,2,0,1,2,0,1,2,2,0,1,0,2,0,0,2,1,1,1,2,2,0,1,2,1,0,0,1,0,1,0,0,2,0,2,0,2,0,2,1,2,2,1,2,0,2,1,2,2,1,2,0,0,1,0,2,0,0,2,2,2,2,1,0,0,1,0,1,0,1,1,1,1,2,1,0,0,0,0,0,0,1,1,2,2,2,2,2,0,0,2,2,2,2,0,2,2,2,1,2,2,2,2,1,1,1,1,2,2,1,1,2,1,1,2,1,2,1,1,2,1,2,1,2,2,2,2,2,1,0,2,2,2,1,2,0,1,2,2,0,1,2,0,0,1,1,2,0,1,2,0,1,1,2,2,2,2,2,0,1,1,0,2,2,1,1,2,2,2,2,1,2,2,2,1,2,2,2,0,1,2,1,2,1,2,2,2,2,0,2,2,2,2,1,0,2,1,2,2,1,2,0
"66","M145658",0,1,1,0,2,2,1,1,1,0,2,2,2,1,1,2,2,1,1,2,1,1,2,1,0,0,0,1,1,0,2,0,2,2,1,1,0,0,2,1,1,2,0,1,0,1,0,2,0,0,0,1,2,2,1,1,1,0,0,0,0,2,NA,2,1,1,2,1,1,2,1,1,0,1,1,1,1,2,2,1,0,1,0,0,0,0,1,1,0,2,0,2,2,1,1,0,0,0,0,2,2,1,0,2,1,0,1,0,1,1,1,2,1,2,2,2,0,1,1,1,2,2,2,0,2,2,2,2,0,2,2,2,2,2,0,2,1,2,1,2,2,2,2,2,2,2,1,1,2,0,1,1,2,2,1,0,2,0,0,0,2,1,0,1,1,1,2,2,1,2,1,2,1,2,2,2,2,1,1,1,2,2,1,1,1,2,2,2,2,2,2,2,2,2,0,2,0,0,2,1,0,2,2,1,2,1,0,1,2,1,0,0,1,1,2,2,1,2,2,0
"67","M145659",0,0,2,0,2,2,2,0,2,1,1,2,2,2,1,1,1,1,1,1,1,2,2,0,0,0,1,2,1,1,1,0,0,2,0,1,0,2,2,1,2,1,0,0,0,1,1,1,1,0,1,1,1,2,0,0,2,1,1,1,1,2,0,2,1,2,1,1,2,0,0,2,1,2,0,0,2,1,1,2,1,0,1,0,0,1,0,0,0,1,0,1,0,2,2,1,1,1,0,2,0,2,1,2,2,1,0,0,2,1,2,2,1,2,1,1,0,0,2,2,2,2,1,1,1,2,2,2,2,0,2,2,2,2,0,0,1,2,2,1,1,1,0,2,1,1,1,0,2,1,1,1,1,2,2,1,1,1,1,2,2,2,0,1,1,1,1,1,0,0,2,2,1,1,1,2,0,2,2,2,2,2,0,1,1,2,2,0,2,2,0,1,2,2,1,2,0,0,2,1,0,0,1,2,2,2,0,2,2,1,2,1,1,1,0,1,2,2,2,0
"68","M145660",1,0,1,0,2,1,1,1,1,1,2,1,1,1,1,NA,2,2,1,1,0,2,2,2,0,0,2,2,0,1,2,0,1,2,1,2,1,2,1,1,1,2,1,1,1,1,1,0,1,0,1,2,1,0,0,1,2,1,1,1,1,1,0,2,1,1,2,2,1,0,1,1,2,2,0,1,2,2,2,1,2,1,1,0,0,0,1,2,1,2,0,2,1,0,1,1,1,1,1,2,1,2,0,1,2,2,1,0,2,2,1,2,2,2,2,2,1,1,1,2,2,2,2,0,2,2,2,1,2,2,2,2,2,2,1,1,2,1,1,2,1,2,2,2,2,2,1,0,2,0,1,2,1,1,2,1,2,2,1,1,2,2,1,1,2,1,1,1,1,2,2,1,2,2,2,1,0,1,0,2,2,2,1,0,0,2,2,2,2,1,2,2,2,2,1,2,0,1,1,2,0,1,1,1,2,1,0,1,2,1,0,1,1,2,1,1,1,0,2,0
"69","M145661",0,2,1,1,2,2,1,2,2,0,1,0,0,2,1,2,2,0,1,2,1,2,2,1,0,2,1,2,0,1,1,0,0,2,2,1,0,1,1,0,1,1,0,1,0,2,0,2,1,0,1,0,2,1,1,0,1,0,2,1,0,1,0,2,1,0,1,1,2,0,1,2,2,2,1,1,2,1,2,2,1,1,1,0,0,1,1,1,0,1,0,1,2,1,1,1,1,1,0,1,2,1,2,2,2,2,0,0,2,1,1,2,2,2,2,2,2,2,2,2,1,2,2,1,2,2,2,2,1,2,2,2,2,2,1,2,1,1,2,2,0,1,1,2,2,2,1,0,1,2,1,1,1,1,2,1,2,2,2,1,1,1,1,2,2,2,2,2,2,1,2,2,1,1,2,1,2,2,1,2,2,2,1,1,2,2,2,1,1,2,2,2,2,2,0,1,0,0,2,1,2,2,1,2,2,2,0,2,1,2,1,0,1,1,1,1,1,0,1,0
"70","M145662",0,0,0,0,2,1,1,2,2,0,1,2,2,2,0,0,2,1,2,1,0,1,2,2,1,1,2,1,0,1,0,0,1,2,2,0,0,2,2,1,1,2,0,1,0,2,1,1,1,0,1,0,0,2,0,0,2,1,1,0,1,2,1,2,0,1,2,2,2,1,0,1,1,1,1,1,2,1,2,2,0,0,0,0,0,1,1,2,1,2,2,1,1,0,0,0,1,1,0,2,2,2,0,2,1,2,1,0,2,0,0,2,0,2,2,2,2,2,1,2,2,1,1,2,2,1,2,2,1,1,2,1,2,2,2,2,2,1,1,2,1,2,2,1,2,1,1,0,2,1,2,2,2,0,1,0,2,2,1,0,2,1,2,2,2,1,1,1,0,1,2,2,1,2,2,2,1,1,1,2,2,2,2,1,2,2,1,2,2,1,1,2,1,1,1,2,0,0,2,1,1,2,1,1,2,2,0,2,2,2,0,1,1,2,2,0,2,2,2,1
"71","M145663",2,0,1,0,2,1,1,1,0,1,1,2,0,2,1,1,2,2,2,1,0,2,2,2,0,1,0,1,0,1,1,0,0,2,2,1,1,2,2,0,1,2,0,1,1,0,1,1,0,0,0,1,2,2,2,0,2,2,1,0,1,2,0,2,1,2,2,0,2,0,1,2,1,2,0,0,2,1,1,2,0,0,0,0,0,0,1,2,1,1,0,2,2,2,2,0,0,0,0,1,0,2,2,2,2,2,1,0,2,0,1,2,0,2,2,0,0,1,2,2,1,2,1,0,1,1,2,1,2,2,2,2,2,1,1,1,1,2,1,2,1,1,1,1,2,2,1,0,2,1,2,1,0,1,1,1,1,0,2,0,1,1,2,0,2,2,1,2,1,1,2,2,1,1,2,1,2,2,2,2,2,2,2,0,2,2,2,2,1,2,1,2,2,2,2,2,0,0,2,2,1,2,2,1,1,2,0,2,1,1,0,0,1,1,1,1,0,0,2,0
"72","M145664",1,2,0,1,2,2,1,2,2,0,1,2,1,1,2,2,2,1,2,1,0,2,2,1,0,1,1,1,0,1,2,0,0,2,2,0,0,2,2,1,1,2,1,1,0,2,1,1,1,0,1,0,1,1,0,1,1,1,2,2,0,1,0,2,1,1,2,1,2,0,1,2,0,2,1,0,2,2,2,2,2,0,0,1,1,0,0,1,2,2,0,2,1,1,1,0,0,0,0,2,1,1,0,2,2,1,0,0,1,1,2,2,0,1,2,1,0,0,1,1,1,2,2,1,1,1,1,1,1,2,2,2,2,1,2,2,0,2,2,1,1,2,2,2,2,2,2,0,2,1,1,2,2,0,2,2,2,0,2,1,2,2,1,1,2,1,1,1,1,1,2,1,1,1,2,2,1,2,2,2,2,2,1,0,2,2,1,2,2,1,2,2,1,0,1,2,0,1,2,1,2,2,1,2,1,0,0,2,2,1,1,1,1,2,1,1,0,0,2,0
"73","M145665",1,1,1,1,2,1,1,1,2,0,1,1,2,1,1,1,2,1,1,0,0,1,2,2,1,0,0,1,0,1,1,0,0,1,2,1,1,2,2,2,1,2,0,1,0,2,1,0,2,1,1,0,2,0,1,0,0,0,1,2,0,2,0,2,1,0,2,1,1,1,1,2,1,2,0,0,2,2,1,2,1,0,0,0,0,1,0,0,1,2,0,1,2,1,1,1,1,1,1,2,1,1,1,1,1,1,2,0,2,1,1,2,2,2,2,1,0,1,1,2,1,2,2,1,1,2,2,1,1,0,2,2,2,1,1,1,1,1,2,2,0,1,2,2,2,2,2,0,2,2,0,1,1,0,0,0,2,0,1,2,1,1,1,2,1,1,0,1,1,1,2,2,1,2,1,2,0,2,1,2,2,2,2,1,1,2,2,2,2,2,2,2,1,2,2,2,0,0,2,1,2,1,1,2,2,1,0,2,2,2,1,0,1,0,2,1,2,0,2,0
"74","M145666",1,0,1,0,2,1,1,1,2,1,2,1,2,1,0,1,2,2,2,0,1,2,2,0,1,1,2,1,0,1,2,0,0,1,2,1,2,1,2,0,0,1,0,1,1,1,0,0,1,0,1,1,1,1,0,0,2,2,0,1,1,1,0,2,1,1,2,2,1,0,1,2,1,1,1,1,2,2,1,2,2,1,1,0,0,0,0,2,0,2,0,0,2,0,0,0,0,0,1,2,1,2,0,2,2,1,0,0,1,2,1,2,0,2,2,2,1,1,2,1,2,2,2,1,2,2,2,2,1,0,1,2,1,2,0,1,2,2,2,2,0,1,2,1,2,2,1,0,2,0,1,1,2,2,2,2,2,2,2,2,1,2,1,1,1,0,0,2,1,0,1,2,1,2,2,1,0,2,1,2,2,2,0,0,1,2,2,2,1,2,2,2,1,1,0,1,1,0,2,2,1,0,2,2,1,2,0,2,2,1,2,1,0,1,1,1,2,NA,1,0
"75","M145667",0,2,1,0,2,1,1,1,2,0,2,2,2,2,1,1,2,0,2,2,0,2,1,0,1,1,2,0,1,1,1,0,1,2,2,2,1,1,2,0,1,1,1,0,0,1,0,1,1,0,2,1,1,1,1,0,2,0,1,2,0,1,0,2,0,1,0,1,2,0,0,2,1,1,1,0,2,2,1,1,1,0,0,0,0,1,0,1,1,1,0,2,2,1,1,0,1,1,0,1,1,1,2,2,2,2,0,0,2,2,1,2,0,2,2,1,0,1,1,2,1,2,2,0,2,2,2,1,1,2,1,2,2,2,2,1,1,1,1,1,2,1,2,2,2,2,1,0,1,2,1,1,1,0,2,2,2,2,2,1,1,1,0,1,2,1,1,2,1,2,2,1,2,1,2,2,2,1,2,2,2,2,1,0,2,2,2,2,1,2,2,2,0,2,1,1,0,0,2,1,1,1,2,2,2,2,0,2,2,2,2,2,0,2,1,1,1,1,2,0
"76","M145668",1,0,1,0,1,2,1,1,2,0,1,2,2,1,1,0,1,1,2,2,1,2,NA,1,1,NA,NA,2,0,0,2,0,0,1,1,1,1,1,2,0,0,2,0,1,1,2,1,1,2,0,1,1,1,2,0,1,1,0,1,0,0,1,0,2,0,1,2,2,2,0,1,1,1,1,0,0,2,2,1,2,1,0,0,0,0,1,1,1,2,1,0,2,1,2,2,0,1,1,0,2,2,0,0,2,2,2,1,1,1,2,0,2,1,2,2,2,1,1,2,2,2,2,2,0,0,2,2,1,1,1,1,2,2,1,1,2,0,2,1,0,1,2,1,2,2,2,0,0,1,1,0,0,2,2,2,2,2,1,1,1,1,1,1,1,1,0,1,1,1,1,2,2,2,0,2,2,0,1,1,0,2,2,2,0,1,2,2,1,1,2,1,2,2,2,2,2,0,0,2,1,1,2,2,1,2,1,1,1,2,2,1,1,1,2,1,0,2,2,2,0
"77","M145669",0,2,0,0,1,2,0,2,1,0,2,2,2,2,2,0,2,1,2,1,0,1,1,0,1,0,1,1,1,0,1,0,1,2,0,1,1,1,2,0,2,2,1,0,2,2,1,2,0,0,NA,0,1,1,0,1,1,2,2,0,0,2,0,2,0,0,2,1,1,0,0,2,1,2,0,0,2,2,1,2,0,0,0,0,1,1,0,2,1,2,0,2,2,2,2,1,1,1,0,2,2,1,0,1,1,2,0,0,2,0,1,2,0,1,1,2,1,0,2,2,2,2,2,0,2,2,2,1,2,0,0,2,2,2,0,2,1,2,1,1,0,1,2,2,2,2,0,0,2,1,1,2,2,2,2,1,2,2,0,2,2,2,2,0,2,1,0,1,1,2,2,1,2,0,2,1,2,1,1,2,2,2,2,0,2,2,1,2,2,1,2,0,1,2,2,2,0,0,2,2,2,1,2,1,2,1,1,2,2,0,1,1,1,2,2,1,2,0,2,0
"78","M145670",0,1,2,0,2,1,0,0,1,0,1,2,1,1,1,0,2,2,1,0,0,2,0,2,0,0,1,1,2,0,2,0,0,2,1,1,0,1,2,0,2,2,1,1,0,1,0,1,2,0,1,0,1,2,0,1,2,0,2,1,0,2,0,2,1,1,NA,1,2,1,1,0,0,2,1,0,2,2,2,2,1,0,1,0,0,0,1,2,1,2,2,2,2,1,1,0,1,1,0,2,2,0,0,2,2,1,0,0,2,2,1,2,1,2,2,1,2,2,1,2,2,2,2,1,2,2,2,1,2,2,2,2,2,2,1,2,1,2,2,2,1,2,2,2,2,2,0,0,2,0,1,2,1,2,2,2,2,2,1,2,1,2,0,0,2,0,2,2,0,1,1,2,2,2,2,1,1,2,0,1,2,2,0,0,1,2,1,1,2,2,2,2,1,2,0,1,0,0,2,2,1,2,1,1,2,0,0,2,2,2,2,1,1,2,2,1,2,1,2,2
"79","M145671",0,1,1,1,2,1,0,1,2,1,2,2,2,1,1,2,1,0,2,1,1,2,2,1,0,2,2,0,1,2,2,1,0,1,2,1,2,2,2,0,1,2,0,0,0,1,2,1,2,1,1,0,2,2,2,0,2,0,1,1,1,1,0,2,0,0,2,2,1,0,0,2,2,1,1,0,2,2,2,1,1,0,0,0,0,0,0,1,0,2,0,2,2,1,1,0,1,1,0,2,2,1,1,2,1,2,1,0,2,2,0,2,0,2,2,2,1,0,1,1,0,2,2,2,2,1,2,1,2,1,2,2,1,2,1,1,0,2,1,2,1,2,2,2,2,1,2,0,2,1,1,1,1,1,1,1,2,1,1,1,0,1,1,1,2,0,1,2,1,1,2,1,0,2,2,2,0,2,2,2,2,2,2,0,1,2,2,2,1,2,2,1,1,2,1,2,0,0,2,1,2,1,1,1,2,2,0,2,2,1,1,0,0,2,1,1,1,1,2,0
"80","M145672",0,1,0,1,1,1,1,2,2,0,2,2,2,2,0,1,2,1,1,2,0,2,2,1,0,2,2,1,1,0,1,0,2,1,1,1,0,2,2,1,0,2,1,1,1,2,0,2,2,0,1,2,2,1,1,0,2,0,0,1,0,1,1,2,1,0,0,2,2,0,1,0,0,2,0,0,2,2,2,2,1,0,0,0,1,1,1,2,1,0,0,0,1,2,1,0,0,0,0,2,2,0,1,2,2,2,1,1,2,1,1,2,1,1,2,1,1,2,2,2,2,1,2,0,1,2,2,2,2,2,1,2,2,1,1,2,2,1,1,2,1,1,2,2,2,2,0,0,1,2,0,1,1,1,1,2,2,1,1,2,1,1,1,0,2,1,1,1,1,2,2,2,2,2,2,2,2,1,2,1,1,2,2,0,2,2,1,2,2,1,2,2,0,2,0,2,1,0,1,2,2,2,2,2,2,2,0,1,2,1,2,1,0,2,2,1,2,0,1,0
"81","M145673",1,0,1,0,2,2,1,1,2,0,2,2,0,2,2,1,1,2,2,1,1,2,2,1,0,0,1,0,0,2,2,0,1,1,2,2,1,1,2,0,1,2,0,0,1,1,0,0,1,0,1,0,1,1,1,1,2,0,0,1,0,1,0,1,2,1,2,1,2,0,0,1,1,1,0,1,1,2,2,2,1,0,0,0,0,0,0,1,0,2,0,1,2,0,0,2,2,2,0,1,2,1,2,2,2,2,0,0,2,0,0,2,0,2,2,0,2,1,2,2,1,2,1,0,2,2,2,0,2,1,1,2,2,2,1,1,2,2,1,1,2,2,1,2,2,2,2,0,2,2,2,2,1,0,1,1,2,2,0,2,1,1,0,1,2,1,2,2,0,2,0,1,2,2,2,2,1,0,1,2,2,2,0,0,2,2,1,1,2,2,2,1,1,2,1,2,1,0,2,2,2,1,2,2,1,0,0,2,2,2,2,1,1,1,0,1,2,2,2,1
"82","M145674",0,0,1,2,2,1,2,0,2,0,2,1,2,0,2,2,1,0,1,2,1,2,1,1,0,1,1,1,0,1,0,0,1,0,0,1,1,2,2,1,2,2,0,2,1,2,0,1,1,1,0,1,1,0,2,1,0,1,0,1,0,2,0,2,0,1,2,1,1,0,1,1,2,2,1,0,2,2,1,2,2,0,0,0,0,0,0,0,1,2,1,1,2,0,1,1,1,1,0,2,2,1,0,1,2,2,1,0,1,1,1,1,0,2,2,2,0,1,2,1,0,2,2,1,2,2,2,1,2,1,2,2,2,2,2,2,1,2,2,1,0,2,2,2,2,1,1,0,2,1,1,0,2,0,1,1,2,0,2,1,1,2,1,2,2,0,0,1,1,0,2,1,2,2,2,2,2,2,1,2,2,2,1,1,2,2,2,2,2,2,2,1,2,1,2,2,0,0,2,2,1,2,1,2,1,2,0,2,2,2,1,1,0,1,2,0,2,1,2,0
"83","M145675",0,2,0,0,2,1,1,1,2,0,2,2,2,1,2,1,2,1,2,2,0,1,2,0,2,1,2,0,1,2,2,0,0,2,1,2,1,1,2,0,1,1,2,0,0,2,1,1,2,0,1,1,1,1,2,0,0,0,1,2,0,2,0,2,0,0,1,2,1,0,0,2,1,1,0,0,2,2,0,1,0,0,0,0,0,0,0,1,0,2,0,1,0,1,1,0,0,0,0,2,2,1,1,2,2,2,0,0,2,2,1,2,1,2,2,1,0,2,1,2,1,2,2,0,1,2,2,0,2,2,2,2,2,1,2,2,2,1,0,1,2,2,2,2,2,2,1,0,2,2,2,1,1,0,2,2,2,1,0,1,1,1,1,1,2,0,1,2,1,1,2,1,1,2,2,2,0,2,1,1,2,2,2,0,2,2,2,2,1,2,2,2,1,2,1,1,0,0,2,1,1,2,2,2,2,1,0,2,2,2,2,1,0,1,1,1,1,0,2,0
"84","M145676",1,1,0,0,2,2,0,1,2,0,2,0,2,2,1,2,2,0,2,2,1,2,1,0,0,1,2,1,0,1,2,0,1,1,1,0,1,2,0,0,2,2,0,2,1,1,1,1,1,0,1,0,1,1,1,1,0,0,2,0,0,1,1,2,0,1,0,2,1,0,1,2,2,1,0,0,2,2,2,2,2,1,0,1,1,0,0,1,0,0,1,1,2,1,2,1,1,1,0,2,1,1,0,2,0,2,0,0,0,1,1,2,1,1,2,2,0,2,2,2,2,2,2,1,1,1,1,2,1,2,1,1,2,0,1,2,1,2,1,2,0,1,2,2,2,2,2,1,2,0,0,0,1,1,2,2,2,1,1,2,1,2,2,2,2,1,1,2,2,0,1,2,2,2,2,2,2,0,1,1,2,2,1,1,2,2,0,2,2,2,2,2,1,2,1,2,0,0,2,2,2,2,1,2,2,1,1,2,2,1,2,1,2,2,1,1,1,0,1,0
"85","M145677",0,1,1,0,2,1,0,0,2,0,2,1,2,2,2,1,2,0,2,2,0,2,2,0,1,0,2,2,0,0,2,0,0,2,0,2,0,2,2,0,2,1,0,1,0,2,1,1,1,0,1,1,2,2,1,1,2,2,2,0,0,1,0,2,0,1,2,2,1,1,1,0,0,2,0,1,1,2,2,2,2,0,1,0,0,1,0,0,1,2,0,1,1,2,1,1,1,1,0,2,2,1,2,2,2,2,0,0,2,0,0,2,1,2,2,2,2,1,2,1,1,2,2,2,2,1,1,2,2,2,2,2,1,2,1,1,1,2,1,2,0,2,2,2,2,2,2,0,2,1,1,1,2,1,2,2,2,2,2,1,0,1,2,1,2,0,1,2,1,2,2,1,1,2,2,2,2,2,2,1,2,2,2,0,2,2,1,2,1,2,2,1,2,2,2,1,1,0,2,1,2,1,2,2,2,2,0,2,1,1,2,0,1,0,1,2,2,0,1,0
"86","M145678",1,1,1,2,2,2,1,1,2,0,1,2,1,2,1,2,1,1,1,1,2,2,1,0,0,2,1,2,0,1,1,0,0,1,2,1,0,1,2,0,1,2,1,0,2,2,1,1,1,0,2,2,1,1,1,1,2,1,2,0,0,2,0,2,1,0,2,1,2,1,1,1,1,1,1,0,2,2,1,2,0,1,1,0,1,0,1,0,1,0,0,1,2,0,0,2,1,2,0,2,2,0,0,2,2,1,0,1,1,1,2,2,2,2,1,2,1,2,1,2,1,2,2,1,2,2,2,1,2,1,1,2,2,1,0,2,1,2,2,2,1,2,2,2,2,1,2,0,2,1,1,2,1,2,0,1,2,1,2,2,2,2,2,0,2,1,0,1,0,1,1,1,1,2,2,1,2,1,2,2,2,2,1,0,2,2,1,2,2,1,2,2,1,2,1,1,2,0,2,1,2,0,2,0,2,1,0,2,2,0,1,1,1,2,2,1,2,2,2,1
"87","M145679",1,NA,NA,0,NA,2,NA,NA,NA,NA,2,2,NA,NA,1,NA,2,1,2,NA,0,2,2,NA,NA,NA,NA,NA,NA,NA,0,0,0,1,2,NA,NA,NA,2,1,0,2,0,1,1,NA,2,2,1,0,NA,1,1,NA,NA,1,1,0,NA,NA,1,NA,NA,2,1,NA,NA,1,2,0,1,1,NA,1,0,1,NA,2,1,NA,2,0,1,1,1,1,0,0,0,1,0,2,2,1,2,2,1,2,0,2,2,2,0,2,2,2,0,0,2,0,0,2,1,2,2,1,2,2,1,2,2,2,2,1,1,1,2,0,2,2,1,2,2,1,1,2,1,2,2,2,0,2,2,2,2,2,2,0,2,0,0,2,0,1,2,1,2,2,1,1,0,2,2,2,2,2,2,2,2,1,1,2,2,1,2,2,1,1,0,2,2,2,2,0,2,2,2,1,1,2,2,2,1,2,2,1,0,0,2,2,2,2,1,1,2,2,1,2,2,2,1,1,1,0,1,0,2,1,2,0
"88","M145680",0,1,0,0,2,1,1,1,2,0,2,2,1,1,1,2,2,0,1,2,1,2,1,1,2,0,2,1,0,1,2,1,1,2,2,1,0,0,2,1,1,2,0,0,0,1,1,1,1,0,0,0,0,1,2,1,1,1,2,1,0,2,0,2,0,1,0,2,2,0,0,2,1,2,1,0,1,2,1,1,0,0,1,0,1,0,0,0,1,2,2,2,2,1,2,1,1,1,0,2,2,0,2,2,2,2,0,0,1,1,1,2,1,2,2,2,0,1,1,2,1,2,2,0,2,2,2,1,2,2,2,2,1,2,1,2,1,2,2,1,1,2,2,2,2,2,0,0,2,0,1,1,1,1,2,2,2,1,0,1,1,1,0,1,2,0,2,2,1,2,2,1,1,2,2,2,1,2,1,2,2,2,2,0,2,2,2,2,1,2,2,2,2,2,2,2,0,0,2,1,1,1,2,1,2,1,0,2,2,1,2,1,0,2,1,1,1,1,2,0
"89","M145681",1,NA,0,0,2,2,0,0,2,0,1,1,2,2,0,NA,2,1,2,2,0,2,2,NA,NA,NA,1,2,0,1,2,0,NA,2,2,1,0,2,2,2,0,2,0,0,NA,1,1,2,1,1,1,0,2,NA,0,1,2,1,0,0,0,2,0,2,0,1,0,1,2,0,1,2,1,NA,0,1,2,2,2,2,0,0,0,0,0,0,0,0,1,2,0,1,2,1,1,1,1,1,0,2,2,0,0,2,2,2,1,0,2,1,0,2,1,1,2,2,0,0,2,2,2,1,2,1,2,1,2,2,2,1,2,2,2,0,0,1,1,2,0,2,2,2,2,2,2,1,1,0,2,1,2,2,0,0,1,2,2,0,2,2,1,2,0,1,1,1,1,1,2,0,2,1,0,1,2,2,1,2,1,2,1,2,2,0,2,2,1,2,1,2,2,2,0,2,1,1,0,0,2,2,1,1,2,2,2,1,0,2,1,1,1,1,0,2,1,0,2,1,2,0
"90","M145682",1,2,1,0,1,1,2,0,2,1,2,1,1,2,2,1,2,1,2,1,0,1,2,1,1,2,1,1,0,2,1,1,1,1,2,1,0,1,2,0,1,2,0,1,1,1,1,2,2,NA,1,0,2,1,1,0,2,1,0,0,1,0,0,2,2,1,1,1,2,0,1,1,1,1,0,0,2,2,2,1,2,1,0,1,1,0,1,1,1,1,1,1,1,0,1,1,1,1,0,2,1,1,0,2,1,2,1,0,2,0,0,2,1,2,2,2,0,1,1,2,1,2,2,2,0,2,2,0,1,2,2,1,2,2,2,1,2,1,1,1,1,2,2,2,2,1,1,0,2,1,1,1,1,1,2,2,2,1,1,1,0,1,1,1,2,2,0,2,1,2,1,0,1,1,2,2,1,2,1,1,2,2,1,2,2,2,1,2,1,1,2,1,1,2,2,2,0,1,2,1,2,1,0,2,2,2,0,2,1,2,2,1,2,1,0,1,2,1,2,0
"91","M145683",0,1,1,0,2,2,2,0,1,0,2,2,1,0,2,1,1,1,0,1,0,2,2,0,1,1,0,0,2,2,2,0,0,2,2,1,1,1,2,1,2,2,0,0,1,2,0,0,0,0,1,1,2,0,0,0,1,2,1,0,0,1,0,2,2,1,NA,2,1,0,1,2,1,1,1,0,1,1,2,1,1,0,0,0,0,0,1,1,0,2,1,1,2,2,2,2,1,2,0,2,1,0,1,2,2,2,0,0,2,1,0,2,0,2,2,2,2,0,2,2,1,2,2,1,2,2,2,2,0,0,2,1,2,2,2,1,2,1,0,2,0,1,1,2,2,2,1,0,2,1,1,2,1,1,2,2,1,1,1,2,2,1,1,0,1,0,1,2,2,1,1,1,2,2,2,2,2,0,2,2,1,2,2,0,0,2,1,2,2,1,1,2,2,2,1,1,0,0,2,1,1,2,1,1,1,2,1,2,2,1,2,0,0,1,2,2,0,1,2,0
"92","M145684",0,2,0,0,2,2,0,2,2,0,2,2,2,1,0,1,2,1,2,1,1,2,2,1,2,2,0,1,2,1,1,0,0,2,1,0,0,2,2,1,2,2,1,2,1,2,0,0,1,0,1,1,2,0,1,0,1,1,1,0,0,1,0,2,1,0,0,1,1,1,1,1,2,2,0,0,2,2,0,1,1,0,0,1,0,0,0,1,0,1,1,1,1,1,1,2,2,2,1,2,1,1,0,2,2,1,0,0,2,0,2,2,1,2,2,1,1,0,1,1,2,2,2,1,2,2,2,2,2,0,1,2,2,1,0,2,2,2,1,2,0,2,2,2,2,2,0,0,2,0,0,2,2,1,0,0,2,1,2,1,2,0,0,1,2,1,2,1,1,1,2,1,1,2,1,2,1,2,1,1,2,2,2,1,2,2,2,2,1,2,1,2,1,NA,2,2,1,0,2,1,1,2,2,1,1,0,0,2,1,2,1,0,0,1,0,0,1,1,2,0
"93","M145685",1,1,0,0,2,1,1,1,1,0,2,2,1,2,2,1,2,2,2,0,0,2,2,0,1,0,0,2,0,0,1,1,0,1,2,2,0,1,2,2,1,2,0,2,0,2,0,1,2,0,1,1,2,2,1,0,1,2,1,0,0,2,1,2,1,1,2,1,2,1,1,2,0,1,0,2,2,2,2,2,1,0,1,0,2,0,0,2,0,1,1,1,2,0,0,1,1,1,0,2,0,0,0,2,2,1,0,0,2,0,0,2,0,2,2,1,1,2,2,1,2,2,1,1,2,1,2,1,2,1,1,2,2,1,0,2,2,2,1,2,1,1,2,0,2,1,2,0,2,2,2,2,1,2,1,2,2,1,1,0,2,1,1,0,2,1,1,1,1,2,1,2,2,2,0,2,2,1,2,1,2,2,0,0,2,2,0,2,1,1,2,2,1,1,2,2,0,0,1,1,1,0,1,1,1,1,2,2,1,2,2,0,1,0,0,0,2,1,2,0
"94","M145686",2,NA,0,1,2,1,1,1,2,0,1,1,2,1,1,1,1,2,2,2,1,2,2,0,1,1,2,2,1,1,1,0,0,2,2,1,0,2,2,0,1,2,1,0,0,2,0,1,1,0,2,1,1,2,0,0,2,2,0,1,0,1,0,2,1,2,2,1,0,1,1,2,0,1,0,0,2,2,1,2,1,0,0,0,0,0,0,2,1,2,0,2,0,1,2,2,2,2,0,2,1,0,1,2,2,1,0,0,2,2,0,2,1,2,2,2,1,1,1,1,0,2,2,0,2,1,2,1,1,2,2,1,2,2,0,1,1,2,1,2,2,2,2,2,2,2,1,0,1,0,1,2,1,1,1,2,2,1,1,2,2,2,2,0,2,1,2,1,0,0,2,1,2,2,2,1,1,2,2,1,2,2,1,2,2,2,1,2,0,1,2,2,0,1,1,2,1,0,2,2,1,2,2,2,1,2,0,1,2,2,2,1,2,1,1,0,1,2,2,0
"95","M145687",0,1,1,0,2,2,1,1,1,1,1,2,2,1,1,0,1,0,1,2,1,1,2,2,2,0,1,1,0,1,1,0,1,2,2,0,0,2,2,2,2,2,0,0,0,2,0,1,1,0,0,1,1,0,1,0,2,NA,1,0,1,1,1,2,0,1,2,2,1,0,0,1,1,2,0,0,2,1,2,1,1,0,0,0,1,0,0,2,1,2,0,2,2,2,1,1,0,1,0,2,1,2,0,2,2,1,0,0,2,2,0,2,0,2,2,2,0,0,1,1,2,2,2,2,1,2,2,1,1,2,2,2,2,2,2,2,2,0,2,2,0,2,2,1,2,2,2,0,2,1,1,1,1,1,2,1,2,0,1,1,0,1,1,2,2,2,2,1,0,1,1,1,2,2,2,2,2,2,1,2,1,2,1,0,2,2,1,2,2,2,2,2,1,2,2,0,0,0,2,1,1,1,1,2,1,1,0,2,1,2,1,1,2,1,1,1,2,2,2,0
"96","M145688",0,0,1,1,2,1,2,0,2,0,2,1,1,1,1,1,1,0,2,0,0,2,0,1,0,0,0,1,1,1,2,0,1,1,1,1,1,2,1,2,1,2,1,1,0,2,0,2,1,1,2,0,2,0,1,0,1,0,1,1,1,2,0,2,0,0,2,1,1,1,1,2,1,2,0,1,2,2,1,2,1,0,0,0,0,0,0,0,2,2,0,1,2,0,0,0,0,0,0,2,2,0,0,2,2,2,1,0,2,0,0,2,2,2,2,2,1,1,1,2,1,2,2,1,2,2,2,1,1,1,2,1,2,2,2,1,2,2,2,1,1,2,1,2,2,2,1,0,2,2,0,2,2,1,1,2,2,1,2,0,2,1,0,1,1,0,0,2,1,1,2,1,2,1,2,2,1,2,0,2,1,2,2,0,2,2,1,2,2,2,2,2,1,2,1,2,0,0,2,2,2,2,0,2,2,1,0,2,2,2,1,1,1,2,2,1,2,1,2,0
"97","M145689",1,2,0,0,2,2,2,0,2,0,2,2,2,2,2,0,1,0,1,1,1,0,2,0,1,1,2,1,1,0,1,0,0,2,2,1,1,1,2,1,1,1,1,0,0,2,1,1,1,0,1,1,1,0,2,1,1,1,1,1,0,2,0,2,0,1,1,2,2,0,0,1,1,1,1,1,2,2,0,1,1,0,0,0,1,0,1,0,0,1,0,0,1,0,0,0,0,0,0,2,2,1,1,2,2,1,0,0,2,2,1,2,0,2,2,1,1,2,2,2,2,2,2,1,2,1,2,1,2,1,2,2,2,1,1,2,1,1,1,2,0,1,2,2,2,2,0,0,0,2,1,1,1,1,1,2,2,1,0,2,1,1,1,0,2,2,1,2,1,2,2,2,1,2,2,2,2,2,1,2,1,2,1,1,2,2,2,2,2,2,2,2,1,2,2,1,0,0,2,2,1,2,2,2,2,2,0,2,1,1,1,1,1,1,2,0,2,1,2,0
"98","M145690",0,1,2,1,2,1,1,0,2,0,2,1,2,1,2,0,2,2,2,1,0,2,2,0,1,1,0,2,1,0,2,0,0,2,1,1,0,1,2,2,2,2,0,2,0,2,0,1,1,0,0,0,2,1,1,0,2,2,1,0,0,2,0,2,1,0,1,2,2,1,1,2,1,2,1,0,2,2,2,1,1,1,0,0,1,1,0,0,1,2,1,1,1,1,2,1,1,1,1,2,1,1,2,2,2,2,0,0,2,0,0,2,2,2,2,2,1,1,2,2,2,1,1,1,2,2,2,2,2,1,2,2,1,2,2,1,1,2,2,2,2,2,2,1,2,1,1,0,0,2,1,1,1,0,2,0,2,0,1,2,0,1,0,2,2,2,0,2,1,1,2,2,2,2,2,0,2,2,1,2,2,2,1,0,2,2,1,1,1,2,2,2,2,2,1,0,0,0,2,1,1,2,1,2,1,2,0,2,2,0,2,0,1,1,1,2,0,1,1,0
"99","M145691",1,1,0,0,1,1,2,1,2,1,2,2,1,2,1,0,2,0,1,0,1,1,1,0,0,2,1,2,1,1,2,0,0,1,1,1,1,1,2,2,1,2,0,0,0,1,0,1,1,0,2,0,0,1,1,0,1,2,1,0,2,2,0,2,0,0,1,2,2,1,1,1,1,2,0,0,2,1,2,2,2,1,0,0,0,0,0,0,0,2,2,1,1,0,1,1,1,1,0,2,0,2,1,2,2,0,1,0,2,2,2,2,1,2,2,2,0,2,1,2,2,1,2,2,2,1,2,0,1,1,1,2,2,2,1,1,2,1,2,2,1,1,2,2,2,2,2,0,2,1,1,2,1,2,1,2,2,0,1,1,2,1,1,0,2,2,1,1,0,1,2,2,2,1,2,1,1,2,0,2,1,2,0,1,2,2,2,2,1,2,2,2,2,1,0,1,0,0,2,2,1,1,2,1,2,1,0,2,2,2,1,0,2,0,1,2,2,1,2,1
"100","M145888",0,1,1,0,1,2,0,2,1,0,2,2,1,2,1,NA,1,2,1,1,1,2,2,2,1,1,2,2,2,0,2,0,0,1,0,0,1,1,2,0,1,2,0,2,0,1,0,2,2,0,0,1,0,1,NA,1,2,0,2,0,0,0,1,2,0,1,2,2,2,0,2,2,1,2,0,0,2,2,2,1,2,0,1,1,1,0,0,2,0,2,0,1,1,1,2,2,1,2,0,2,0,0,1,1,2,1,0,0,2,1,1,2,0,2,2,1,2,0,1,2,2,2,2,0,2,1,2,2,1,1,2,2,2,2,1,1,2,2,2,1,1,2,1,2,2,0,2,0,2,2,0,1,1,0,2,2,2,0,0,2,1,2,1,2,2,2,1,0,1,1,2,2,2,2,2,2,0,1,2,2,2,2,2,0,2,2,1,2,1,2,2,2,1,2,1,2,0,0,2,0,1,2,1,1,2,0,1,2,2,2,2,1,0,0,0,1,1,1,2,0
"101","M145889",0,1,0,1,2,1,1,2,0,0,0,2,2,1,2,0,2,0,1,2,0,0,2,1,1,1,2,2,1,2,1,2,0,2,2,2,0,1,2,0,2,2,0,0,1,2,0,1,0,0,2,1,1,0,1,2,0,1,0,1,0,2,0,2,1,1,0,1,2,1,0,1,1,1,0,1,2,2,1,1,2,1,0,0,0,0,0,1,2,0,1,1,2,1,1,2,2,2,0,2,2,1,0,2,2,0,1,0,1,0,1,2,1,1,2,1,2,0,1,2,2,2,2,0,2,2,2,1,0,2,1,1,2,2,0,1,2,0,1,1,0,2,2,2,2,1,2,0,2,1,1,1,0,1,1,1,2,2,0,2,2,2,2,1,2,1,1,2,2,1,2,2,2,1,2,2,1,0,1,1,1,2,1,0,1,2,1,2,2,2,2,2,1,2,1,2,1,0,2,0,1,2,2,1,2,1,0,2,2,2,2,1,1,1,2,0,2,1,2,0
"102","M145890",0,1,0,0,2,2,1,1,2,1,2,2,1,1,0,1,2,1,2,0,2,2,2,1,1,0,1,1,0,1,2,0,0,2,1,1,2,0,2,1,0,2,1,0,0,2,0,2,1,0,1,0,2,2,1,0,2,1,2,0,2,2,1,2,1,2,1,2,2,0,0,1,0,1,1,2,2,2,2,1,1,0,0,0,1,0,0,1,2,2,2,2,2,0,NA,1,1,1,0,0,1,2,1,2,2,2,0,1,2,1,1,2,0,2,1,1,0,1,1,2,2,2,2,1,0,0,2,1,2,1,0,2,2,2,0,2,2,2,1,2,1,2,2,1,2,2,2,0,2,0,1,2,2,1,1,2,2,1,0,0,2,2,1,0,2,1,0,2,1,1,2,2,2,2,2,2,2,1,1,2,2,2,0,1,2,2,2,2,2,2,1,2,2,1,2,2,0,1,1,2,1,2,2,2,2,0,0,2,2,0,2,0,2,1,2,2,2,0,2,0
"103","M145891",0,0,2,0,1,0,1,1,1,0,1,2,1,2,1,1,1,2,1,0,1,2,2,1,0,0,1,1,1,2,2,0,0,2,1,2,0,2,2,1,0,2,0,0,1,1,2,1,0,0,2,1,2,2,0,0,2,1,1,1,0,2,0,2,1,0,0,2,1,1,0,1,2,NA,2,0,2,2,1,2,2,0,0,0,0,0,0,2,0,2,1,2,0,1,2,0,0,0,0,2,2,0,0,2,1,0,0,2,2,1,0,2,2,2,0,2,2,0,2,2,0,2,2,1,1,2,1,2,2,2,1,2,2,2,2,1,2,2,1,2,1,1,2,1,2,1,0,0,1,2,1,2,0,1,1,2,2,1,2,2,2,2,2,0,2,1,0,1,1,0,2,2,1,2,2,1,1,2,1,2,2,2,2,0,1,2,1,2,1,2,2,1,2,2,1,2,0,0,1,1,1,2,0,1,2,0,0,2,1,0,2,1,2,1,0,0,0,2,2,1
"104","M145892",2,0,0,0,2,2,1,2,1,1,1,1,2,2,1,2,2,0,0,2,0,1,0,2,1,1,2,1,1,0,0,0,0,2,1,0,0,2,1,0,0,2,1,0,0,2,0,1,1,0,1,0,0,1,0,1,2,2,0,1,2,2,0,2,0,1,2,1,0,0,0,2,1,1,0,0,0,2,2,2,1,0,0,1,0,0,0,2,0,2,0,1,2,0,0,0,1,1,0,2,1,2,2,1,2,2,0,0,1,2,0,2,2,1,2,1,2,1,1,1,1,2,2,1,2,2,2,2,1,2,1,1,2,0,1,1,2,1,2,2,0,2,1,2,2,1,2,0,2,2,0,0,1,2,1,1,2,1,2,1,2,2,2,1,2,1,0,0,1,2,2,1,1,1,2,1,1,2,1,1,2,2,1,1,0,2,1,1,2,2,2,2,2,2,1,0,0,0,1,1,2,1,1,0,2,1,0,2,2,2,2,0,1,1,0,2,1,1,2,0
"105","M145893",0,0,0,0,2,1,0,2,2,0,2,2,2,1,1,1,2,1,1,0,1,1,2,1,0,1,2,1,0,1,0,0,0,1,2,1,0,1,2,1,2,2,1,0,1,2,0,1,1,0,1,1,1,1,0,1,2,2,1,0,1,2,0,2,1,1,1,1,1,0,1,0,2,2,1,0,2,2,2,2,1,0,0,0,2,0,1,1,0,1,0,2,2,0,0,0,0,0,0,1,2,0,2,2,2,1,2,0,2,1,0,2,0,2,2,2,0,1,1,1,1,2,1,2,2,2,2,2,2,1,1,1,2,1,1,1,1,1,1,2,1,1,2,2,2,2,1,0,2,0,1,0,1,0,2,1,2,1,1,2,2,1,2,0,2,2,2,1,1,2,0,1,1,2,2,2,2,2,1,2,2,2,2,1,2,2,1,2,1,1,2,2,0,2,1,1,0,0,2,2,1,2,1,2,2,0,1,2,2,1,0,1,1,1,2,0,2,2,2,0
"106","M145894",0,0,0,0,1,2,1,2,2,1,1,0,2,2,1,1,2,1,2,2,1,1,2,2,0,1,2,1,1,1,2,0,0,2,2,1,0,2,1,0,1,2,0,0,1,2,1,1,1,0,2,0,1,1,1,1,2,0,0,0,1,0,0,2,1,1,NA,1,2,0,1,2,1,2,0,1,2,1,1,1,2,0,0,1,0,0,1,1,2,2,0,0,2,0,NA,NA,1,1,0,2,NA,0,1,2,2,2,0,0,0,2,0,2,2,2,2,2,2,0,2,NA,2,2,2,1,2,2,1,1,NA,0,1,1,2,2,0,1,2,1,2,2,0,1,NA,2,2,2,1,0,2,NA,1,1,0,NA,2,1,1,2,1,2,2,2,2,NA,2,0,2,NA,0,2,NA,1,2,2,2,0,1,2,1,1,2,2,1,0,1,2,0,1,2,2,1,2,1,2,0,2,0,0,1,1,2,2,1,1,1,0,1,2,2,2,1,2,0,2,2,2,0,2,2,0
"107","M145895",1,2,0,1,2,2,1,0,2,1,2,2,2,2,1,0,2,1,1,1,0,2,2,2,1,1,0,1,0,0,1,0,0,2,1,0,0,2,2,1,1,2,1,1,0,1,0,0,0,0,1,1,0,2,0,1,1,1,0,1,1,1,0,2,1,1,2,2,2,0,0,0,1,2,0,0,2,2,1,2,1,0,0,1,0,0,2,2,2,1,0,2,1,1,0,0,0,0,0,2,1,0,0,2,2,2,0,1,1,1,0,2,1,1,1,1,1,0,2,2,2,2,2,2,2,1,2,1,2,2,2,2,2,1,0,1,0,1,0,2,1,2,2,2,2,2,2,0,2,0,1,0,1,1,1,1,2,0,1,1,2,1,1,1,2,1,1,2,2,2,2,1,1,2,2,2,2,2,2,1,1,2,1,1,1,2,2,2,0,1,2,2,1,2,2,2,0,2,2,0,1,1,1,1,2,1,1,2,1,2,2,1,1,0,1,0,2,0,2,0
"108","M145896",1,2,0,0,2,0,1,2,2,1,1,2,1,1,1,0,2,0,1,2,2,2,NA,1,2,1,1,0,1,2,2,0,0,2,1,1,0,2,2,1,2,2,0,0,1,2,0,0,0,0,NA,1,2,0,1,0,2,1,2,2,2,2,0,2,1,1,1,1,2,0,0,2,1,1,0,0,2,2,2,2,0,0,0,1,0,0,1,1,2,2,1,0,2,0,NA,0,1,1,0,2,2,2,1,2,2,1,0,0,2,2,1,2,2,2,2,2,0,2,2,1,2,2,1,1,2,2,2,2,1,1,1,2,2,2,2,1,1,2,1,2,2,2,2,2,2,1,2,0,2,NA,1,1,0,0,0,2,2,0,0,0,1,1,1,0,0,2,0,2,1,2,2,2,0,0,2,2,1,2,2,1,2,2,2,0,1,2,2,2,1,2,2,NA,1,2,1,1,0,0,2,2,1,1,2,0,1,1,1,1,1,2,2,1,1,0,1,0,1,1,2,1
"109","M145897",0,1,0,0,2,2,0,1,2,1,2,1,1,2,1,0,1,1,1,1,0,1,2,1,1,1,2,2,1,0,1,0,0,2,2,2,1,1,1,1,0,2,1,1,0,1,0,0,1,0,1,0,1,1,0,1,2,2,1,1,2,1,0,2,1,0,2,1,2,0,1,2,1,1,0,0,1,1,2,2,1,0,0,1,0,0,1,1,2,1,0,1,2,0,1,2,2,2,0,2,1,2,1,2,1,2,0,0,1,2,1,2,2,2,2,2,2,1,2,2,1,2,1,2,2,1,1,1,1,1,0,1,2,2,1,1,1,2,1,1,0,1,1,2,2,0,2,0,2,1,1,2,1,1,1,0,1,1,2,2,1,2,2,1,2,1,2,1,0,1,2,2,1,2,2,1,2,2,1,1,1,2,1,0,1,1,0,1,2,2,1,2,2,2,1,1,0,0,1,1,2,2,1,1,2,0,0,2,2,1,1,1,1,2,0,0,0,2,2,0
"110","M145898",2,1,0,0,2,2,0,2,1,0,2,1,1,1,1,1,1,1,1,0,1,2,2,0,0,0,1,1,1,0,2,1,0,2,1,2,2,2,2,0,1,2,0,1,0,1,1,2,1,0,0,0,2,0,1,2,2,1,1,1,0,1,0,2,1,1,2,2,1,0,2,1,1,2,0,1,2,2,0,1,1,0,0,0,0,0,1,2,2,2,0,2,2,1,2,2,2,2,0,2,1,1,0,2,2,1,1,1,1,1,1,1,1,0,2,1,1,1,2,1,2,2,2,1,1,1,1,1,1,1,2,2,2,1,1,1,2,2,2,2,1,1,2,2,2,1,1,0,1,1,1,2,1,2,2,0,2,2,1,2,1,2,2,0,2,1,0,2,1,1,1,2,1,2,2,2,2,2,2,1,2,2,1,0,2,2,1,2,2,2,2,2,0,1,1,1,0,0,2,0,2,2,2,1,2,1,0,2,1,0,2,1,2,2,2,1,1,1,2,0
"111","M145899",0,1,0,0,2,1,1,2,1,0,1,2,1,2,1,1,2,1,1,0,0,2,2,1,1,1,1,1,0,1,1,1,1,0,2,1,1,1,2,0,1,2,0,0,0,2,1,0,1,0,0,0,2,1,0,0,1,0,1,2,0,1,1,2,1,2,NA,1,1,0,1,2,1,2,0,1,2,2,2,2,1,1,0,1,0,0,1,1,1,2,0,0,2,1,2,1,1,1,0,2,2,1,1,0,2,1,0,0,2,1,0,2,1,2,2,2,0,1,0,2,2,2,0,0,1,1,0,2,1,2,1,1,2,1,1,2,1,2,1,2,0,1,2,2,2,2,1,0,1,2,1,1,2,1,1,2,2,2,1,2,1,2,1,2,1,1,1,1,1,0,1,1,2,1,2,2,2,1,1,1,2,2,2,0,1,2,0,2,2,2,2,2,2,2,1,2,1,1,2,2,1,1,2,2,2,1,1,2,2,2,2,1,2,2,0,1,2,1,2,0
"112","M145900",1,2,0,0,2,2,2,0,2,1,2,2,2,2,1,0,1,1,1,2,0,2,2,2,1,0,0,2,0,0,1,0,1,2,2,1,0,0,2,1,1,1,0,1,0,2,0,1,2,0,0,1,2,0,0,1,2,1,0,0,1,1,0,2,2,1,2,0,2,0,0,2,2,1,0,1,2,2,2,1,2,1,0,0,1,1,0,1,2,1,0,1,2,0,0,0,1,1,0,2,1,2,2,2,2,2,0,0,1,0,0,2,1,2,2,1,1,0,1,2,1,1,2,2,1,1,2,1,2,2,2,1,2,1,1,2,1,2,1,1,1,0,1,2,2,1,2,0,2,2,1,1,1,2,1,1,2,1,1,2,1,2,1,2,2,2,2,2,0,1,1,1,2,2,2,2,2,2,2,2,1,2,1,0,1,2,1,2,1,2,2,1,2,1,2,2,0,0,2,2,2,0,2,2,2,1,0,2,2,1,2,0,1,1,1,0,2,2,2,0
"113","M145901",0,0,1,0,1,2,0,2,2,0,2,1,1,2,1,0,2,1,2,1,0,1,2,0,0,1,1,2,0,0,2,0,0,2,0,1,1,1,1,1,2,2,0,0,0,2,1,2,2,0,1,1,1,2,0,0,1,1,0,0,0,2,0,2,0,1,1,0,2,0,2,1,1,0,0,0,2,2,2,2,1,0,1,0,0,0,0,2,0,2,0,1,2,0,0,1,1,1,0,2,2,0,1,2,1,1,0,0,1,2,1,2,1,2,2,2,2,2,1,1,2,2,2,1,2,1,2,2,1,2,1,2,2,0,0,1,1,1,2,2,1,1,2,2,2,2,2,0,2,1,1,1,1,2,1,1,2,1,1,2,2,2,0,2,2,2,2,2,1,1,1,2,2,1,2,1,2,2,2,2,1,2,2,0,1,1,2,2,2,2,2,2,0,2,0,2,0,0,1,2,2,1,2,2,2,2,0,2,2,2,1,0,1,0,2,0,1,2,2,0
"114","M145902",0,0,0,0,2,2,1,NA,2,0,1,0,2,2,2,NA,2,1,1,1,0,1,2,1,2,1,1,2,2,1,2,0,1,2,1,1,0,2,2,0,2,2,0,1,2,2,1,1,1,0,2,0,2,0,1,2,2,0,1,1,1,1,0,2,0,2,2,1,2,0,1,1,2,1,1,0,1,2,2,1,0,0,0,0,1,1,0,0,1,2,1,1,2,2,2,0,0,0,0,2,2,0,2,2,2,2,1,0,2,1,2,2,1,2,2,1,1,1,1,2,1,2,2,0,2,2,2,2,2,2,2,1,2,1,0,1,2,1,0,2,0,2,1,2,2,1,0,0,2,0,2,2,1,2,1,2,2,1,1,2,2,1,0,1,2,2,1,1,1,2,1,1,2,2,2,2,0,1,1,2,2,2,2,1,1,2,2,2,1,2,2,2,0,1,2,1,0,0,2,1,1,2,2,1,2,0,1,2,1,1,1,1,1,1,0,2,2,0,2,0
"115","M145903",0,1,1,0,2,2,1,2,2,0,2,2,1,2,1,1,2,0,1,0,2,0,2,1,1,1,1,0,1,2,2,0,1,2,2,2,1,0,2,0,0,2,0,1,0,2,1,2,1,0,0,2,1,1,1,0,2,0,0,0,0,0,1,2,1,1,1,2,1,1,2,0,2,1,1,1,2,2,1,2,1,1,0,0,0,0,0,1,0,1,0,1,1,0,NA,1,1,1,0,1,2,1,1,2,2,1,0,1,1,1,0,2,2,2,2,2,1,0,0,1,2,1,2,1,2,2,2,2,0,2,2,2,1,2,1,2,1,2,2,2,1,1,1,2,2,2,1,0,2,1,2,2,0,1,1,2,2,0,1,1,2,1,2,0,2,1,1,2,1,1,1,2,1,2,2,2,2,2,2,2,2,2,1,1,1,2,0,2,2,2,2,2,1,2,2,0,0,0,2,1,2,0,2,2,2,2,0,2,2,1,2,1,0,0,2,2,2,0,2,1
"116","M145904",2,1,1,0,2,2,2,0,2,1,2,2,2,1,2,1,1,1,1,2,0,1,1,1,1,2,2,2,1,1,2,0,0,2,2,1,0,2,2,0,2,2,1,2,1,1,0,1,0,0,NA,1,2,2,1,0,2,2,0,1,2,2,0,2,1,2,1,1,2,0,1,1,0,2,0,1,2,1,2,2,2,0,1,0,2,1,0,0,1,1,0,2,1,0,0,0,0,0,0,2,2,0,2,2,2,1,0,1,2,0,0,1,1,2,2,0,1,0,1,0,2,2,2,0,0,2,2,1,2,2,1,2,2,2,1,1,0,1,2,2,2,1,1,1,1,1,2,0,2,2,1,2,1,2,2,2,1,2,1,2,2,1,2,1,2,0,0,1,1,1,0,1,2,1,2,2,1,1,2,2,2,2,2,0,2,2,0,2,1,2,1,2,2,2,1,2,0,0,2,1,1,2,2,2,2,0,0,2,2,1,1,0,2,1,2,0,2,2,1,0
